hook_file_id,hook_hook_id,hook_file_stored,hook_file_real,hook_type,hook_classname,hook_data,hooks_source
39,1,boardIndexSideBarAdCode_6cfacbf4e75cc05fb0deea7c4af6f882.php,boardIndexSideBarAdCode.php,templateHooks,boardIndexSideBarAdCode,"a:7:{s:12:""dataLocation"";s:0:"""";s:15:""classToOverload"";s:0:"""";s:9:""skinGroup"";s:11:""skin_boards"";s:12:""skinFunction"";s:18:""boardIndexTemplate"";s:4:""type"";s:7:""foreach"";s:2:""id"";s:11:""side_blocks"";s:8:""position"";s:9:""outer.pre"";}","<?php

class boardIndexSideBarAdCode
{
	/**#@+
	 * Registry Object Shortcuts
	 *
	 * @access	protected
	 * @var		object
	 */
	protected $registry;
	protected $settings;
	/**#@-*/
	
	public function __construct()
	{
		/* Make registry objects */
		$this->registry		=  ipsRegistry::instance();
		$this->settings 	=& $this->registry->fetchSettings();
	}
	
	public function getOutput()
	{
		if( $this->registry->getClass('IPSAdCode')->userCanViewAds() )
		{
			return $this->registry->getClass('IPSAdCode')->getAdCode('ad_code_board_sidebar');
		}
		else
		{
			return '';
		}
	}

}"
40,3,boardIndexRecentTopics_8e41e53ed303c03dd261c0cce7e414aa.php,boardIndexRecentTopics.php,templateHooks,boardIndexRecentTopics,"a:6:{s:15:""classToOverload"";N;s:9:""skinGroup"";s:11:""skin_boards"";s:12:""skinFunction"";s:18:""boardIndexTemplate"";s:4:""type"";s:7:""foreach"";s:2:""id"";s:11:""side_blocks"";s:8:""position"";s:9:""outer.pre"";}","<?php

class boardIndexRecentTopics
{
	public $registry;
	
	public function __construct()
	{
		$this->registry = ipsRegistry::instance();
	}
	
	public function getOutput()
	{
		return $this->registry->getClass('class_forums')->hooks_recentTopics();
	}	
}"
41,4,boardIndexFacebookActivity_d8183d151a045cfde56d7b985abbd9dd.php,boardIndexFacebookActivity.php,templateHooks,boardIndexFacebookActivity,"a:7:{s:12:""dataLocation"";s:0:"""";s:15:""classToOverload"";s:0:"""";s:9:""skinGroup"";s:11:""skin_boards"";s:12:""skinFunction"";s:18:""boardIndexTemplate"";s:4:""type"";s:7:""foreach"";s:2:""id"";s:11:""side_blocks"";s:8:""position"";s:9:""outer.pre"";}","<?php

class boardIndexFacebookActivity
{
	public $registry;
	
	public function __construct()
	{
		$this->registry = ipsRegistry::instance();
	}
	
	public function getOutput()
	{
		return $this->registry->getClass('class_forums')->hooks_facebookActivity();
	}	
}"
42,5,boardIndexTags_45dab7d39d92bffa048c71c4606613e4.php,boardIndexTags.php,templateHooks,boardIndexTags,"a:8:{s:12:""dataLocation"";s:0:"""";s:14:""libApplication"";s:0:"""";s:15:""classToOverload"";s:0:"""";s:9:""skinGroup"";s:11:""skin_boards"";s:12:""skinFunction"";s:18:""boardIndexTemplate"";s:4:""type"";s:7:""foreach"";s:2:""id"";s:11:""side_blocks"";s:8:""position"";s:9:""outer.pre"";}","<?php

class boardIndexTags
{
	public $registry;
	
	public function __construct()
	{
		$this->registry = ipsRegistry::instance();
	}
	
	public function getOutput()
	{
		$classToLoad = IPSLib::loadLibrary( IPSLib::getAppDir('forums') . '/sources/classes/hooks/gateway.php', 'forums_hookGateway', 'forums' );
		$hook = new $classToLoad( $this->registry );
		
		return $hook->tags();
	}
}"
43,2,boardIndexStatusUpdates_ad5ce7544cc2c751fc2c7a7e0f2f5853.php,boardIndexStatusUpdates.php,templateHooks,boardIndexStatusUpdates,"a:8:{s:12:""dataLocation"";s:0:"""";s:14:""libApplication"";s:0:"""";s:15:""classToOverload"";s:0:"""";s:9:""skinGroup"";s:11:""skin_boards"";s:12:""skinFunction"";s:18:""boardIndexTemplate"";s:4:""type"";s:7:""foreach"";s:2:""id"";s:11:""side_blocks"";s:8:""position"";s:9:""outer.pre"";}","<?php

class boardIndexStatusUpdates
{
	protected $hookGateway;
	
	public function __construct()
	{
		$registry = ipsRegistry::instance();
		
		$classToLoad       = IPSLib::loadLibrary( IPSLib::getAppDir( 'members' ) . '/sources/classes/hooks/gateway.php', 'members_hookGateway', 'members' );
		$this->hookGateway = new $classToLoad( $registry );
	}
	
	public function getOutput()
	{
		return $this->hookGateway->statusUpdates();
	}	
}"
44,9,boardIndexCalendar_d15ae16f2e79c989f107066a70dfbb00.php,boardIndexCalendar.php,templateHooks,boardIndexCalendar,"a:8:{s:12:""dataLocation"";s:0:"""";s:14:""libApplication"";s:0:"""";s:15:""classToOverload"";s:0:"""";s:9:""skinGroup"";s:11:""skin_boards"";s:12:""skinFunction"";s:18:""boardIndexTemplate"";s:4:""type"";s:7:""foreach"";s:2:""id"";s:11:""side_blocks"";s:8:""position"";s:9:""outer.pre"";}","<?php

class boardIndexCalendar
{
	public $registry;
	
	public function __construct()
	{
        /* Make registry objects */
		$this->registry		=  ipsRegistry::instance();
		$this->DB			=  $this->registry->DB();
		$this->settings		=& $this->registry->fetchSettings();
		$this->lang			=  $this->registry->getClass('class_localization');
	}
	
	public function getOutput()
	{
		/* Make sure the calednar is installed and enabled */
		if( ! IPSLib::appIsInstalled( 'calendar' ) )
		{
			return '';
		}
		
		/* Load language  */
		$this->registry->class_localization->loadLanguageFile( array( 'public_calendar' ), 'calendar' );

		/* Load calendar library */
		$classToLoad = IPSLib::loadActionOverloader( IPSLib::getAppDir( 'calendar' ) .'/modules_public/calendar/view.php', 'public_calendar_calendar_view' );
		$cal = new $classToLoad();
		$cal->makeRegistryShortcuts( $this->registry );
		
		if( !$cal->initCalendar( true ) )
		{
			return '';
		}

		/* Return calendar */
		return ""<div id='hook_calendar' class='calendar_wrap'>"". $cal->getMiniCalendar( date('n'), date('Y') ) . '</div><br />';
	}
}"
45,10,calendarUpcomingEvents_2055987093d2c5c77c06e50941915d03.php,calendarUpcomingEvents.php,templateHooks,calendarUpcomingEvents,"a:8:{s:12:""dataLocation"";s:0:"""";s:14:""libApplication"";s:0:"""";s:15:""classToOverload"";s:0:"""";s:9:""skinGroup"";s:11:""skin_boards"";s:12:""skinFunction"";s:18:""boardIndexTemplate"";s:4:""type"";s:7:""foreach"";s:2:""id"";s:11:""side_blocks"";s:8:""position"";s:9:""outer.pre"";}","<?php
/**
 * @file		calendarUpcomingEvents.php 	Hook to display upcoming calendar events on the board index
 *~TERABYTE_DOC_READY~
 * $Copyright: (c) 2001 - 2011 Invision Power Services, Inc.$
 * $License: http://www.invisionpower.com/company/standards.php#license$
 * $Author: ips_terabyte $
 * @since		11th Feb 2011
 * $LastChangedDate: 2011-02-16 11:59:53 -0500 (Wed, 16 Feb 2011) $
 * @version		v3.4.5
 * $Revision: 7806 $
 */

/**
 *
 * @class		calendarUpcomingEvents
 * @brief		Hook to display upcoming calendar events on the board index
 *
 */
class calendarUpcomingEvents
{
	/**
	 * Constructor
	 *
	 * @return	@e void
	 */
	public function __construct() {}
	
	/**
	 * Execute data hook
	 *
	 * @return	@e void
	 */
	public function getOutput()
	{
		$classToLoad = IPSLib::loadLibrary( IPSLib::getAppDir( 'calendar' ) . '/sources/hooks.php', 'app_calendar_classes_hooks', 'calendar' );
		$gateway	 = new $classToLoad( ipsRegistry::instance() );
		
		return $gateway->getUpcomingEvents();
	}
}"
46,11,calendarUpcomingBirthdays_69780e49b561f6a4ea70cfbf03e478ef.php,calendarUpcomingBirthdays.php,templateHooks,calendarUpcomingBirthdays,"a:8:{s:12:""dataLocation"";s:0:"""";s:14:""libApplication"";s:0:"""";s:15:""classToOverload"";s:0:"""";s:9:""skinGroup"";s:11:""skin_boards"";s:12:""skinFunction"";s:18:""boardIndexTemplate"";s:4:""type"";s:7:""foreach"";s:2:""id"";s:11:""side_blocks"";s:8:""position"";s:9:""outer.pre"";}","<?php
/**
 * @file		calendarUpcomingBirthdays.php 	Hook to display upcoming birthdays on the board index
 * $Copyright: (c) 2001 - 2011 Invision Power Services, Inc.$
 * $License: http://www.invisionpower.com/company/standards.php#license$
 * $Author: ips_terabyte $
 * @since		11th Feb 2011
 * $LastChangedDate: 2011-02-16 11:59:53 -0500 (Wed, 16 Feb 2011) $
 * @version		v3.4.5
 * $Revision: 7806 $
 */

/**
 *
 * @class		calendarUpcomingBirthdays
 * @brief		Hook to display upcoming birthdays on the board index
 *
 */
class calendarUpcomingBirthdays
{
	/**
	 * Constructor
	 *
	 * @return	@e void
	 */
	public function __construct() {}
	
	/**
	 * Execute data hook
	 *
	 * @return	@e void
	 */
	public function getOutput()
	{
		$classToLoad = IPSLib::loadLibrary( IPSLib::getAppDir( 'calendar' ) . '/sources/hooks.php', 'app_calendar_classes_hooks', 'calendar' );
		$gateway	 = new $classToLoad( ipsRegistry::instance() );
		
		return $gateway->getUpcomingBirthdays();
	}
}"
