event_id,event_calendar_id,event_member_id,event_content,event_title,event_smilies,event_comments,event_comments_pending,event_rsvp,event_perms,event_private,event_approved,event_saved,event_lastupdated,event_recurring,event_start_date,event_end_date,event_title_seo,event_rating_total,event_rating_hits,event_rating_avg,event_attachments,event_post_key,event_sequence,event_all_day
1,1,1,"[url=""https://en.wikipedia.org/wiki/Joseph_Goebbels""]Joseph Goebbels[/url]' Death Day<br />
<br />
[img]https://i.imgur.com/n9Zu4sT.jpg[/img]","Joseph Goebbels&#39; Death Day",0,0,0,0,"6,10,5,13,3,7,4,1,2,4",0,1,1431441728,1458229628,3,"2015-05-01 00:00:00","2015-05-01 00:00:00",joseph-goebbels-death-day,0,0,0,0,aacd60ce6e003aec669ed9f6401ca441,1,1
2,1,1,"[url=""https://en.wikipedia.org/wiki/Niccol%C3%B2_Machiavelli""]NiccolÃ² Machiavelli[/url]'s Birthday<br />
<br />
[img]https://i.imgur.com/SBlgRwe.png[/img]","NiccolÃ² Machiavelli&#39;s Birthday",0,0,0,0,*,0,1,1431441890,1431465781,3,"2015-05-03 00:00:00","2015-05-03 00:00:00",niccol%c3%b2-machiavellis-birthday,0,0,0,0,662b0f769011d85e0e1b1982c362da87,1,1
3,1,1,"[url=""https://en.wikipedia.org/wiki/Oswald_Spengler""]Oswald Spengler[/url]'s Death Day<br />
<br />
[img]https://i.imgur.com/PSUbjXz.jpg[/img]","Oswald Spengler&#39;s Death Day",0,0,0,0,*,0,1,1431441942,1431465822,3,"2015-05-08 00:00:00","2015-05-08 00:00:00",oswald-spenglers-death-day,0,0,0,0,d04e9d76c5d379512d50ea0316395256,1,1
4,1,1,"[url=""https://en.wikipedia.org/wiki/Oswald_Spengler""]Oswald Spengler[/url]'s Birthday<br />
<br />
[img]https://i.imgur.com/PSUbjXz.jpg[/img]","Oswald Spengler&#39;s Birthday",0,0,0,0,*,0,1,1431441992,1431465872,3,"2015-05-29 00:00:00","2015-05-29 00:00:00",oswald-spenglers-birthday,5,1,5,0,5e3ec5c18ae7791cd9163b18cd6c6ae6,1,1
5,1,1,"[url=""http://ironmarch.org/index.php?/topic/684-julius-evola/?p=90610""][b]Julius Evola's[/b][/url] Death Day<br />
<br />
[img]https://i.imgur.com/1tbbyOu.jpg[/img]","Julius Evola&#39;s Death Day",0,0,0,0,*,0,1,1431442071,1431444401,3,"2015-06-11 00:00:00","2015-06-11 00:00:00",julius-evolas-death-day,0,0,0,0,d4af05102ff8296b669917df632fa175,1,1
6,1,1,"NiccolÃ² Machiavelli's Death Day<br />
<br />
[img]https://i.imgur.com/SBlgRwe.png[/img]","NiccolÃ² Machiavelli&#39;s Death Day",0,0,0,0,*,0,1,1431442124,1431443778,3,"2015-06-21 00:00:00","2015-06-21 00:00:00",niccol%c3%b2-machiavellis-death-day,0,0,0,0,286ed0e25df3c59fa39ae61f454d9320,1,1
7,1,1,"[url=""http://ironmarch.org/index.php?/topic/4101-celebration-of-the-summer-solstice-in-the-3rd-reich""][b]Summer Solstice[/b][/url]<br />
<br />
[img]https://i.imgur.com/OrG4p7j.jpg[/img]","Summer Solstice",0,0,0,0,*,0,1,1431442591,1431443234,3,"2015-06-20 00:00:00","2015-06-21 00:00:00",summer-solstice,0,0,0,0,a826ae1d1298dd701b568e110a7270ab,1,1
8,1,1,"[url=""https://en.wikipedia.org/wiki/Martin_Bormann""]Martin Bormann[/url]'s Death Day<br />
<br />
[img]https://i.imgur.com/BCd43yn.jpg[/img]","Martin Bormann&#39;s Death Day",1,0,0,0,*,0,1,1431464194,1431465735,3,"2015-05-02 00:00:00","2015-05-02 00:00:00",martin-bormanns-death-day,0,0,0,0,ebd41d4ef8644f5e70b122a9e14971d5,1,1
9,1,1,"[url=""https://en.wikipedia.org/wiki/Fid%C3%A9l_P%C3%A1lffy""]FidÃ©l PÃ¡lffy[/url]'s Birthday<br />
<br />
[img]https://i.imgur.com/0A8EyPB.jpg[/img]","FidÃ©l PÃ¡lffy&#39;s Birthday",0,0,0,0,*,0,1,1431464571,1431464571,3,"2015-05-06 00:00:00","2015-05-06 00:00:00",fid%c3%a9l-p%c3%a1lffys-birthday,0,0,0,0,228859c631bba62360e8ffc9720a547d,0,1
10,1,1,"[url=""https://en.wikipedia.org/wiki/Baldur_von_Schirach""]Baldur von Schirach[/url]'s Birthday<br />
<br />
[img]https://i.imgur.com/cQjtdpx.jpg[/img]","Baldur von Schirach&#39;s Birthday",0,0,0,0,*,0,1,1431464757,1431464757,3,"2015-05-09 00:00:00","2015-05-09 00:00:00",baldur-von-schirachs-birthday,0,0,0,0,0618975fd1a578a94c2cf64a6a0f6870,0,1
11,1,1,"[url=""https://en.wikipedia.org/wiki/Per_Imerslund""]Per Imerslund[/url]'s Birthday<br />
<br />
[img]https://i.imgur.com/zThvnSW.jpg[/img]","Per Imerslund&#39;s Birthday",0,0,0,0,*,0,1,1431464940,1431464940,3,"2015-05-09 00:00:00","2015-05-09 00:00:00",per-imerslunds-birthday,0,0,0,0,aec3e5918abf7a48563b8b894afbf992,0,1
12,1,1,"[url=""https://en.wikipedia.org/wiki/Ernst_R%C3%BCdiger_Starhemberg""]Ernst RÃ¼diger Starhemberg[/url]'s Birthday<br />
<br />
[img]https://i.imgur.com/zXaAn69.jpg[/img]","Ernst RÃ¼diger Starhemberg&#39;s Birthday",0,0,0,0,*,0,1,1431465181,1431465181,3,"2015-05-10 00:00:00","2015-05-10 00:00:00",ernst-r%c3%bcdiger-starhembergs-birthday,0,0,0,0,14bd7530dd86f6e481032b664dbacd8d,0,1
13,1,1,"[url=""https://en.wikipedia.org/wiki/Fritz_Julius_Kuhn""]Fritz Julius Kuhn[/url]'s Birthday<br />
<br />
[img]https://i.imgur.com/makBdv8.jpg[/img]","Fritz Julius Kuhn&#39;s Birthday",0,0,0,0,*,0,1,1431465366,1431465366,3,"2015-05-15 00:00:00","2015-05-15 00:00:00",fritz-julius-kuhns-birthday,0,0,0,0,4b05cab0b4a75136bd51e2548307b17b,0,1
14,1,1,"[url=""http://ironmarch.org/index.php?/topic/684-julius-evola/?p=90610""][b]Julius Evola's[/b][/url][font=tahoma][size=3] Birthday[/size][/font]<br />
<br />
[font=tahoma][size=3][img]https://i.imgur.com/1tbbyOu.jpg[/img][/size][/font]","Julius Evola&#39;s Birthday",0,0,0,0,*,0,1,1431465470,1431465470,3,"2015-05-19 00:00:00","2015-05-19 00:00:00",julius-evolas-birthday,5,1,5,0,cba6d022c85c9bdd2d7c0cc5a91cf04d,0,1
15,1,1,"[url=""https://en.wikipedia.org/wiki/Heinrich_Himmler""]Heinrich Himmler[/url]'s Death Day<br />
<br />
[img]https://i.imgur.com/jEA8mgy.png[/img]","Heinrich Himmler&#39;s Death Day",0,0,0,0,*,0,1,1431465677,1431465677,3,"2015-05-23 00:00:00","2015-05-23 00:00:00",heinrich-himmlers-death-day,0,0,0,0,76f676db81716f3b2e21dfe94ec61beb,0,1
16,1,1,"[url=""https://en.wikipedia.org/wiki/Ernst_Niekisch""]Ernst Niekisch[/url]'s Birthday<br />
<br />
[img]https://i.imgur.com/NBQEzDZ.jpg[/img]","Ernst Niekisch&#39;s Birthday",0,0,0,0,*,0,1,1431466016,1431466016,3,"2015-05-23 00:00:00","2015-05-23 00:00:00",ernst-niekischs-birthday,0,0,0,0,b147bef1180a503989f32a3bea5686dd,0,1
17,1,1,"[url=""https://en.wikipedia.org/wiki/Horia_Sima""]Horia Sima[/url]'s Death Day<br />
<br />
[img]https://i.imgur.com/cGtiVYD.jpg[/img]","Horia Sima&#39;s Death Day",0,0,0,0,*,0,1,1431466187,1431466187,3,"2015-05-25 00:00:00","2015-05-25 00:00:00",horia-simas-death-day,0,0,0,0,ae1b441157611a25da4aea3e9dc83dd1,0,1
18,1,1,"[url=""https://en.wikipedia.org/wiki/Louis-Ferdinand_C%C3%A9line""]Louis-Ferdinand CÃ©line[/url]'s Birthday<br />
<br />
[img]https://i.imgur.com/SyVI8la.jpg[/img]","Louis-Ferdinand CÃ©line&#39;s Birthday",0,0,0,0,*,0,1,1431466469,1431466469,3,"2015-05-27 00:00:00","2015-05-27 00:00:00",louis-ferdinand-c%c3%a9lines-birthday,0,0,0,0,ae9607c07c4883558a1e63d3e9ba40fa,0,1
19,1,1,"[url=""https://en.wikipedia.org/wiki/Gregor_Strasser""]Gregor Strasser[/url]'s Birthday<br />
<br />
[img]https://i.imgur.com/5PpcuYd.jpg[/img]","Gregor Strasser&#39;s Birthday",0,0,0,0,*,0,1,1431466634,1431466634,3,"2015-05-31 00:00:00","2015-05-31 00:00:00",gregor-strassers-birthday,0,0,0,0,f08e22fba5e4f02e448779b845017403,0,1
20,1,1,"[url=""https://en.wikipedia.org/wiki/Fatherland_Front_(Austria)""]Fatherland Front[/url] founded<br />
<br />
[img]https://i.imgur.com/VF8v40E.jpg[/img]","Fatherland Front founded",0,0,0,0,*,0,1,1431466862,1431466862,3,"2015-05-20 00:00:00","2015-05-20 00:00:00",fatherland-front-founded,0,0,0,0,8315394d225970d55c06960d5a6bb9aa,0,1
21,1,1,"[url=""https://en.wikipedia.org/wiki/British_Union_of_Fascists""]BUF[/url] is banned<br />
<br />
[img]https://i.imgur.com/UpFEvex.jpg[/img]","BUF is banned",0,0,0,0,*,0,1,1431467875,1431467883,3,"2015-05-23 00:00:00","2015-05-23 00:00:00",buf-is-banned,0,0,0,0,cff32ef18ebb169ed884e4837406d32f,1,1
22,1,1,"[url=""http://ironmarch.org/index.php?/topic/3305-russian-fascism-%D1%80%D0%BE%D1%81%D1%81%D0%B8%D0%B9%D1%81%D0%BA%D0%B0%D1%8F-%D1%84%D0%B0%D1%88%D0%B8%D1%81%D1%82%D1%81%D0%BA%D0%B0%D1%8F-%D0%BF%D0%B0%D1%80%D1%82%D0%B8%D1%8F-rfp/""]Russian Fascist Party[/url] founded<br />
<br />
[img]https://i.imgur.com/Ucyq49A.png[/img]","Russian Fascist Party founded",0,0,0,0,*,0,1,1431468041,1431468041,3,"2015-05-26 00:00:00","2015-05-26 00:00:00",russian-fascist-party-founded,0,0,0,0,620283db9da8f17b0ae77df4a2bf1c8c,0,1
23,1,1,"[url=""https://en.wikipedia.org/wiki/Anton_Mussert""]Anton Mussert[/url]'s Death Day<br />
<br />
[img]https://i.imgur.com/ACxP6OX.jpg[/img]","Anton Mussert&#39;s Death Day",0,0,0,0,*,0,1,1431634337,1431634337,3,"2015-05-07 00:00:00","2015-05-07 00:00:00",anton-musserts-death-day,0,0,0,0,b4a752133ba47a4be4dae60f9cac21bf,0,1
24,1,1,"[url=""https://en.wikipedia.org/wiki/Anton_Mussert""]Anton Mussert[/url][font=tahoma][size=3]'s Birthday[/size][/font]<br />
<br />
[font=tahoma][size=3][img]https://i.imgur.com/ACxP6OX.jpg[/img][/size][/font]","Anton Mussert&#39;s Birthday",0,0,0,0,*,0,1,1431634398,1431634398,3,"2015-05-11 00:00:00","2015-05-11 00:00:00",anton-musserts-birthday,0,0,0,0,ce860ee7ff8c0a22c6a8a1531c299ecf,0,1
25,1,1,"[url=""https://en.wikipedia.org/wiki/Arnold_Meijer""]Arnold Meijer[/url]'s Birthday<br />
<br />
[img]https://i.imgur.com/hX0cCHo.jpg[/img]","Arnold Meijer&#39;s Birthday",0,0,0,0,*,0,1,1431634665,1431634665,3,"2015-05-05 00:00:00","2015-05-05 00:00:00",arnold-meijers-birthday,0,0,0,0,3645f9e16cb1787d79c1c6b9fbf5fb16,0,1
26,1,1,"[url=""https://en.wikipedia.org/wiki/Joris_Van_Severen""]Joris Van Severen[/url]'s Death Day<br />
<br />
[img]https://i.imgur.com/sVUCDf8.jpg[/img]","Joris Van Severen&#39;s Death Day",0,0,0,0,*,0,1,1431641096,1431641096,3,"2015-05-20 00:00:00","2015-05-20 00:00:00",joris-van-severens-death-day,0,0,0,0,14953feea71d74182088e3c2a1f75f68,0,1
27,1,1,"Saint [url=""https://en.wikipedia.org/wiki/Nikolaj_Velimirovi%C4%87""]Nikolaj VelimiroviÄ‡[/url] Canonized<br />
<br />
[img]https://i.imgur.com/meZk7Ul.jpg[/img]","Saint Nikolaj VelimiroviÄ‡ Canonized",0,0,0,0,*,0,1,1431677518,1431677518,3,"2015-05-24 00:00:00","2015-05-24 00:00:00",saint-nikolaj-velimirovi%c4%87-canonized,5,1,5,0,b132b3b14686170e01bdcc1e99154ce6,0,1
28,1,1,"[url=""https://en.wikipedia.org/wiki/Jeffrey_Hamm""]Jeffrey Hamm[/url]'s Death Day<br />
<br />
[img]https://i.imgur.com/pRtmmG7.jpg[/img]","Jeffrey Hamm&#39;s Death Day",0,0,0,0,*,0,1,1432556891,1432556891,3,"2015-05-04 00:00:00","2015-05-04 00:00:00",jeffrey-hamms-death-day,0,0,0,0,3b24755e9e539650f186256c1551571c,0,1
29,1,1,"[url=""https://en.wikipedia.org/wiki/Alois_Hudal""]Alois Hudal[/url]'s Death Day<br />
<br />
[img]https://i.imgur.com/ylWy3mn.jpg[/img]","Alois Hudal&#39;s Death Day",0,0,0,0,*,0,1,1433003565,1433003565,3,"2015-05-13 00:00:00","2015-05-13 00:00:00",alois-hudals-death-day,0,0,0,0,552fe9f07c0d5e3f0a31b77820d0720a,0,1
30,1,1,"[url=""https://en.wikipedia.org/wiki/Alois_Hudal""]Alois Hudal[/url]'s Birthday<br />
<br />
[img]https://i.imgur.com/ylWy3mn.jpg[/img]","Alois Hudal&#39;s Birthday",0,0,0,0,*,0,1,1433003620,1433003620,3,"2015-05-31 00:00:00","2015-05-31 00:00:00",alois-hudals-birthday,0,0,0,0,d12b8c4ed90868779133fd51b3f02eea,0,1
31,1,1,"[url=""https://en.wikipedia.org/wiki/Martin_Bormann""]Martin Bormann[/url][font=tahoma][size=3]'s Death Day[/size][/font]<br />
<br />
[font=tahoma][size=3][img]https://i.imgur.com/BCd43yn.jpg[/img][/size][/font]","Martin Bormann&#39;s Birthday",0,0,0,0,*,0,1,1433874365,1433874365,3,"2015-06-17 00:00:00","2015-06-17 00:00:00",martin-bormanns-birthday,0,0,0,0,8e5738ea08d8f71bbf7e66de6e67a84c,0,1
32,1,1,"[url=""https://en.wikipedia.org/wiki/Wernher_von_Braun""]Wernher von Braun[/url]'s Death Day<br />
<br />
[img]https://i.imgur.com/RU0OwMk.jpg[/img]","Wernher von Braun&#39;s Death Day",0,0,0,0,*,0,1,1433874745,1433874745,3,"2015-06-16 00:00:00","2015-06-16 00:00:00",wernher-von-brauns-death-day,0,0,0,0,07cbe4172af9256b9264cfd769a41f22,0,1
33,1,1,"[url=""https://en.wikipedia.org/wiki/L%C3%A9on_Degrelle""]LÃ©on Degrelle[/url]'s Birthday<br />
<br />
[img]https://i.imgur.com/bWXLvIa.jpg[/img]","LÃ©on Degrelle&#39;s Birthday",0,0,0,0,*,0,1,1433875011,1433875011,3,"2015-06-15 00:00:00","2015-06-15 00:00:00",l%c3%a9on-degrelles-birthday,0,0,0,0,b0a44a9ec90ad1ed79e8d8c7a6e31a42,0,1
34,1,1,"[url=""https://en.wikipedia.org/wiki/Reinhard_Heydrich""]Reinhard Heydrich[/url]'s Dead Day<br />
<br />
[img]https://i.imgur.com/9IquG9o.jpg[/img]","Reinhard Heydrich&#39;s Dead Day",0,0,0,0,*,0,1,1433875238,1433875238,3,"2015-06-04 00:00:00","2015-06-04 00:00:00",reinhard-heydrichs-dead-day,0,0,0,0,8d0667bf4555c2615d1fc806c35c9688,0,1
35,1,1,"[url=""https://en.wikipedia.org/wiki/Night_of_the_Long_Knives_(1934)""]Night of the Long Knives[/url]<br />
<br />
[img]https://i.imgur.com/zdh3CRv.jpg[/img]","Night of the Long Knives",0,0,0,0,*,0,1,1433875576,1433875576,3,"2015-06-30 00:00:00","2015-06-30 00:00:00",night-of-the-long-knives,5,1,5,0,a043e3e8b85ed9e1b1dd06e5717372c0,0,1
36,1,1,"[url=""https://en.wikipedia.org/wiki/Ion_Antonescu""]Ion Antonescu[/url]'s Death Day<br />
<br />
[img]https://i.imgur.com/1eUvZdi.jpg[/img]","Ion Antonescu&#39;s Death Day",1,0,0,0,*,0,1,1433875789,1433875789,3,"2015-06-01 00:00:00","2015-06-01 00:00:00",ion-antonescus-death-day,0,0,0,0,8cb65a92134c3812a58033014a3cf159,0,1
37,1,1,"[url=""https://en.wikipedia.org/wiki/Ion_Antonescu""]Ion Antonescu[/url]'s Birthday<br />
<br />
[img]https://i.imgur.com/1eUvZdi.jpg[/img]","Ion Antonescu&#39;s Birthday",0,0,0,0,*,0,1,1433875836,1433875836,3,"2015-06-15 00:00:00","2015-06-15 00:00:00",ion-antonescus-birthday,0,0,0,0,cbb0d740dd384be28a8ab63bc530c369,0,1
38,1,1,"[url=""https://en.wikipedia.org/wiki/Kosta_Pe%C4%87anac""]Kosta PeÄ‡anac[/url]'s Death Day<br />
<br />
[img]https://i.imgur.com/QiAcYA3.jpg[/img]","Kosta PeÄ‡anac&#39;s Death Day",0,0,0,0,*,0,1,1433918383,1433918383,3,"2015-05-25 00:00:00","2015-06-25 00:00:00",kosta-pe%c4%87anacs-death-day,0,0,0,0,997f5ec8de00d8fa415fa9d9d375a345,0,1
39,1,7,"[url=""https://en.wikipedia.org/wiki/Latvian_Legion_Day""]Latvian Legion Day[/url]<br />
<br />
[img]http://upload.wikimedia.org/wikipedia/commons/0/0b/Bundesarchiv_Bild_183-J16133,_Lettland,_Appell_der_SS-Legion.jpg[/img]","Latvian Legion Day",1,0,0,0,*,0,1,1434238229,1434238229,3,"2015-03-16 00:00:00","2015-03-16 00:00:00",latvian-legion-day,0,0,0,0,4e9013d583b3d6c7cb15d53e165215aa,0,1
40,1,1,"[url=""https://en.wikipedia.org/wiki/Anton_Drexler""]Anton Drexler[/url]'s Birthday<br />
<br />
[img]https://i.imgur.com/KaVzeEx.jpg[/img]","Anton Drexler&#39;s Birthday",0,0,0,0,*,0,1,1434274433,1434274433,3,"2015-06-13 00:00:00","2015-06-13 00:00:00",anton-drexlers-birthday,0,0,0,0,2976231520b9ee30b520a12f5d6ddd6c,0,1
41,1,1,"[url=""https://en.wikipedia.org/wiki/Italo_Balbo""]Italo Balbo[/url]'s Birthday<br />
<br />
[img]https://i.imgur.com/VlaTQRz.png[/img]","Italo Balbo&#39;s Birthday",0,0,0,0,*,0,1,1434274541,1434274541,3,"2015-06-06 00:00:00","2015-06-06 00:00:00",italo-balbos-birthday,0,0,0,0,c60cd557562246176df12bfc0ae5972c,0,1
42,1,1,"[url=""https://en.wikipedia.org/wiki/Italo_Balbo""]Italo Balbo[/url][font=tahoma][size=3]'s Death Day[/size][/font]<br />
<br />
[font=tahoma][size=3][img]https://i.imgur.com/VlaTQRz.png[/img][/size][/font]<br />
<br />
One of the four [url=""https://en.wikipedia.org/wiki/Quadrumvirs""]Quadrumvirs[/url].<br />
<br />
[img]https://i.imgur.com/OvhJvmu.jpg[/img]","Italo Balbo&#39;s Death Day",0,0,0,0,*,0,1,1434274582,1435826410,3,"2015-06-28 00:00:00","2015-06-28 00:00:00",italo-balbos-death-day,0,0,0,0,dc6913ff2de46b301b179cc3bb6c772e,1,1
45,1,1,"[url=""https://en.wikipedia.org/wiki/Engelbert_Dollfuss""]Engelbert Dollfuss[/url]' Death Day<br />
<br />
[img]https://i.imgur.com/D8XGSGg.jpg[/img]","Engelbert Dollfuss&#39; Death Day",0,0,0,0,*,0,1,1435773312,1435773312,3,"2015-07-25 00:00:00","2015-07-25 00:00:00",engelbert-dollfuss-death-day,0,0,0,0,d4108a3d85d1502e87cc18adb8926bf1,0,1
46,1,1,"[url=""https://en.wikipedia.org/wiki/Benito_Mussolini""]Benito Mussolini's Birthday[/url]<br />
<br />
[img]https://i.imgur.com/hKeV4o6.jpg[/img]","Benito Mussolini&#39;s Birthday",0,0,0,0,*,0,1,1435773440,1435773440,3,"2015-07-29 00:00:00","2015-07-29 00:00:00",benito-mussolinis-birthday,0,0,0,0,8f94f50398a592290ec47f7019a3633f,0,1
47,1,1,"[url=""https://en.wikipedia.org/wiki/Azov_Battalion""]Azov Battalion[/url] Founded<br />
<br />
[img]https://i.imgur.com/eKiA4KW.jpg[/img]","Azov Battalion Founded",0,0,0,0,*,0,1,1435824871,1435824871,3,"2015-05-05 00:00:00","2015-05-05 00:00:00",azov-battalion-founded,0,0,0,0,2ff3446be4215b9c01698333b5b71d61,0,1
48,1,1,"[url=""https://en.wikipedia.org/wiki/Andriy_Biletsky_(politician)""]Andriy Biletsky[/url]'s Birthday<br />
<br />
[img]https://i.imgur.com/Vcflp1x.jpg[/img]","Andriy Biletsky&#39;s Birthday",0,0,0,0,*,0,1,1435825160,1435825160,3,"2015-11-27 00:00:00","2015-11-27 00:00:00",andriy-biletskys-birthday,0,0,0,0,c2a4b0b5b9b137c94f2ef62018e839a4,0,1
49,1,1,"[url=""https://en.wikipedia.org/wiki/Drago%C5%A1_Kalaji%C4%87""]DragoÅ¡ KalajiÄ‡[/url]'s Death Day<br />
<br />
[img]https://i.imgur.com/uIZh8EY.jpg[/img]","DragoÅ¡ KalajiÄ‡&#39;s Death Day",0,0,0,0,*,0,1,1435825441,1435825441,3,"2015-07-22 00:00:00","2015-07-22 00:00:00",drago%c5%a1-kalaji%c4%87s-death-day,0,0,0,0,5065a7a2de782ed8282e5cf745611f35,0,1
50,1,1,"[url=""https://en.wikipedia.org/wiki/Kosta_Mu%C5%A1icki""]Kosta MuÅ¡icki[/url]'s Death Day<br />
<br />
[img]https://i.imgur.com/JaIedDT.jpg[/img]","Kosta MuÅ¡icki&#39;s Death Day",0,0,0,0,*,0,1,1435825604,1435825604,3,"2015-07-17 00:00:00","2015-07-17 00:00:00",kosta-mu%c5%a1ickis-death-day,0,0,0,0,9e29553ecbf4d1e5859cd84cfe0561fd,0,1
51,1,1,"[url=""https://en.wikipedia.org/wiki/Cesare_Maria_De_Vecchi""]Cesare Maria De Vecchi[/url]'s Death Day<br />
<br />
[img]https://i.imgur.com/rT26PuG.png[/img]<br />
<br />
One of the four [url=""https://en.wikipedia.org/wiki/Quadrumvirs""]Quadrumvirs[/url].<br />
<br />
[img]https://i.imgur.com/OvhJvmu.jpg[/img]","Cesare Maria De Vecchi&#39;s Death Day",0,0,0,0,*,0,1,1435826377,1435826377,3,"2015-06-23 00:00:00","2015-06-23 00:00:00",cesare-maria-de-vecchis-death-day,0,0,0,0,5c3aad485457222cc3e3a715a276e744,0,1
52,1,1,"[url=""https://en.wikipedia.org/wiki/Michele_Bianchi""]Michele Bianchi[/url]'s Birthday<br />
<br />
[img]https://i.imgur.com/PZiUmHT.jpg[/img]<br />
<br />
One of the four [url=""https://en.wikipedia.org/wiki/Quadrumvirs""]Quadrumvirs[/url].<br />
<br />
[img]https://i.imgur.com/OvhJvmu.jpg[/img]","Michele Bianchi&#39;s Birthday",0,0,0,0,*,0,1,1435826508,1435826508,3,"2015-07-22 00:00:00","2015-07-22 00:00:00",michele-bianchis-birthday,0,0,0,0,ee4476092e4e00756d2249e7af8971d8,0,1
53,1,1,"[url=""https://en.wikipedia.org/wiki/Government_of_National_Salvation""]Government of National Salvation[/url] (Serbia) Founded<br />
<br />
[img]https://i.imgur.com/nNOUddD.png[/img]","Government of National Salvation (Serbia) Founded",0,0,0,0,*,0,1,1442093927,1442093927,3,"2015-08-29 00:00:00","2015-08-29 00:00:00",government-of-national-salvation-serbia-founded,0,0,0,0,8f6dc0d3caa20e89913a4b862d352dec,0,1
54,1,1,"[url=""https://en.wikipedia.org/wiki/Dimitrije_Ljoti%C4%87""]Dimitrije LjotiÄ‡[/url]'s Birthday<br />
<br />
[img]https://i.imgur.com/nAg3GHt.jpg[/img]","Dimitrije LjotiÄ‡&#39;s Birthday",0,0,0,0,*,0,1,1442094067,1442094067,3,"2015-08-12 00:00:00","2015-08-12 00:00:00",dimitrije-ljoti%c4%87s-birthday,0,0,0,0,8aec5fb456abfd7587276e58a2372803,0,1
55,1,1,"[url=""https://en.wikipedia.org/wiki/4th_of_August_Regime""]4th of August Regime[/url] (Greece) Founded<br />
<br />
[img]https://i.imgur.com/dK5vYvv.jpg[/img]","4th of August Regime (Greece) Founded",0,0,0,0,*,0,1,1442094330,1442094342,3,"2015-08-04 00:00:00","2015-08-04 00:00:00",4th-of-august-regime-greece-founded,0,0,0,0,31b7688ff8dae39fae717611cbf3fa62,1,1
56,1,1,"[url=""https://en.wikipedia.org/wiki/Ian_Stuart_Donaldson""]Ian Stuart Donaldson[/url]'s Birthday<br />
<br />
[img]https://i.imgur.com/r5BJ2R0.jpg[/img]","Ian Stuart Donaldson&#39;s Birthday",0,0,0,0,*,0,1,1442094566,1442094566,3,"2015-08-11 00:00:00","2015-08-11 00:00:00",ian-stuart-donaldsons-birthday,0,0,0,0,88e1f1892bd565c634cfb49909a64f48,0,1
57,1,1,"[url=""https://en.wikipedia.org/wiki/Joseph_Tommasi""]Joseph Tommasi[/url]'s Death Day<br />
<br />
[img]https://i.imgur.com/rrKniSx.jpg[/img]","Joseph Tommasi&#39;s Death Day",0,0,0,0,*,0,1,1442094675,1442094675,3,"2015-08-15 00:00:00","2015-08-15 00:00:00",joseph-tommasis-death-day,0,0,0,0,42d83351d2a32607870b5297af3cea8d,0,1
58,1,1,"[url=""https://en.wikipedia.org/wiki/Rudolf_Hess""]Rudolph Hess[/url]' Death Date<br />
<br />
[img]https://i.imgur.com/1HUGNGW.jpg[/img]","Rudolph Hess&#39; Death Date",0,0,0,0,*,0,1,1442094793,1442094793,3,"2015-08-17 00:00:00","2015-08-17 00:00:00",rudolph-hess-death-date,0,0,0,0,9b1dfe42da765dca3bd7dd7015ad41f7,0,1
59,1,1,"[url=""https://en.wikipedia.org/wiki/George_Lincoln_Rockwell""]George Lincoln Rockwell[/url]'s Death Day<br />
<br />
[img]https://i.imgur.com/fwWZvDO.jpg[/img]","George Lincoln Rockwell&#39;s Death Day",0,0,0,0,*,0,1,1442095073,1442095073,3,"2015-08-25 00:00:00","2015-08-25 00:00:00",george-lincoln-rockwells-death-day,0,0,0,0,a5d42bf794bfffcfc9151e1282ad71f4,0,1
60,1,1,"[url=""https://en.wikipedia.org/wiki/Otto_Strasser""]Otto Strasser[/url]'s Death Day<br />
<br />
[img]https://i.imgur.com/J77eYgK.gif[/img]","Otto Strasser&#39;s Death Day",0,0,0,0,*,0,1,1442095267,1442095267,3,"2015-08-27 00:00:00","2015-08-27 00:00:00",otto-strassers-death-day,0,0,0,0,731dc61575b9ee4b5f0255ed4c82f6a5,0,1
61,1,1,"[url=""https://en.wikipedia.org/wiki/Huey_Long""]Huey Pierce Long[/url]'s Birthday<br />
<br />
[img]https://i.imgur.com/cJo7C4a.jpg[/img]","Huey Pierce Long&#39;s Birthday",0,0,0,0,*,0,1,1442095419,1442095419,3,"2015-08-30 00:00:00","2015-08-30 00:00:00",huey-pierce-longs-birthday,0,0,0,0,f49ad70641d30badbe634dd93908dbad,0,1
62,1,1,"[url=""https://en.wikipedia.org/wiki/Otto_Strasser""]Otto Strasser[/url][font=tahoma][size=3]'s Birthday[/size][/font]<br />
<br />
[font=tahoma][size=3][img]https://i.imgur.com/J77eYgK.gif[/img][/size][/font]","Otto Strasser&#39;s Birthday",0,0,0,0,*,0,1,1442095498,1442095593,3,"2015-09-10 00:00:00","2015-09-10 00:00:00",otto-strassers-birthday,0,0,0,0,256b99e5991e15442b9b7f4baf021f6e,1,1
63,1,1,"[url=""https://en.wikipedia.org/wiki/Huey_Long""]Huey Pierce Long[/url][font=tahoma][size=3]'s Death Day[/size][/font]<br />
<br />
[font=tahoma][size=3][img]https://i.imgur.com/cJo7C4a.jpg[/img][/size][/font]","Huey Pierce Long&#39;s Death Day",0,0,0,0,*,0,1,1442095573,1442095573,3,"2015-09-10 00:00:00","2015-09-10 00:00:00",huey-pierce-longs-death-day,0,0,0,0,4bb0eb1481479251be44609d4672c392,0,1
64,1,1,"[url=""https://en.wikipedia.org/wiki/Corneliu_Zelea_Codreanu""]Corneliu Zelea Codreanu[/url]'s Birthday<br />
<br />
[img]https://i.imgur.com/uP7ay1N.jpg[/img]","Corneliu Zelea Codreanu&#39;s Birthday",0,0,0,0,*,0,1,1442095810,1442095810,3,"2015-09-13 00:00:00","2015-09-13 00:00:00",corneliu-zelea-codreanus-birthday,0,0,0,0,5932bd621896cafa413cc28b1e2a8aa6,0,1
65,1,1,"IronMarch Founded<br />
<br />
[img]https://i.imgur.com/IBFCYOW.png[/img]","IronMarch Founded",0,0,0,0,*,0,1,1442096011,1442096011,3,"2015-09-13 00:00:00","2015-09-13 00:00:00",ironmarch-founded,0,0,0,0,68a39dd16169245ee88a4db2a43a51b6,0,1
66,1,1,"[url=""https://en.wikipedia.org/wiki/Nikolay_Vasilyevich_Ustryalov""]Nikolay Vasilyevich Ustryalov[/url]'s Death Day<br />
<br />
[img]https://i.imgur.com/s4xB7x6.png[/img]","Nikolay Vasilyevich Ustryalov&#39;s Death Day",0,0,0,0,*,0,1,1442096352,1442096352,3,"2015-09-14 00:00:00","2015-09-14 00:00:00",nikolay-vasilyevich-ustryalovs-death-day,0,0,0,0,b44dc995e67a5c5d274f39ff9177e76c,0,1
67,1,1,"[url=""https://en.wikipedia.org/wiki/Milan_Nedi%C4%87""]Milan NediÄ‡[/url][font=tahoma][size=3] Birthday[/size][/font]<br />
<br />
[font=tahoma][size=3][img]https://i.imgur.com/uO37e6k.jpg[/img][/size][/font]","Milan NediÄ‡ Birthday",0,0,0,0,*,0,1,1442096481,1442096481,3,"2015-09-02 00:00:00","2015-09-02 00:00:00",milan-nedi%c4%87-birthday,0,0,0,0,9caf3f0453cad0670134a5b1d5b21a8c,0,1
68,1,1,"[url=""https://en.wikipedia.org/wiki/Mom%C4%8Dilo_%C4%90uji%C4%87""]MomÄilo ÄujiÄ‡[/url][font=tahoma][size=3] Death Day[/size][/font]<br />
<br />
[font=tahoma][size=3][img]https://i.imgur.com/HQnWuxK.jpg[/img][/size][/font]","MomÄilo ÄujiÄ‡ Death Day",0,0,0,0,*,0,1,1442096629,1442096629,3,"2015-09-11 00:00:00","2015-09-11 00:00:00",mom%c4%8dilo-%c4%91uji%c4%87-death-day,0,0,0,0,f07d9773dc761b47a5e08d93d027ea9c,0,1
69,1,1,"[size=3]<br />
[url=""https://en.wikipedia.org/wiki/Engelbert_Dollfuss""]Engelbert Dollfuss[/url]' Birthday<br />
<br />
[img]https://i.imgur.com/D8XGSGg.jpg[/img][/size]<br />
[list]<br />
[*][url=""http://ironmarch.org/index.php?/user/281-mongo/""]Mongo[/url] likes this<br />
[*]<br />
[*][url=""http://ironmarch.org/index.php?app=core&amp;module=global&amp;section=reputation&amp;do=add_rating&amp;app_rate=calendar&amp;type=event_id&amp;type_id=45&amp;rating=1&amp;secure_key=fc8e90b6f0ce0a7e0cb1370bfa49aba7&amp;post_return=45""]Like This[/url]<br />
[/list][list]<br />
[*]<br />
[/list]","Engelbert Dollfuss&#39; Birthday",0,0,0,0,*,0,1,1444380618,1444380618,3,"2015-10-03 00:00:00","2015-10-03 00:00:00",engelbert-dollfuss-birthday,0,0,0,0,24c88e3bb5ffbadd0ea0760896506379,0,1
70,1,1,"[url=""https://en.wikipedia.org/wiki/Friedrich_Nietzsche""]Friedrich Nietzsche[/url]'s Death day<br />
<br />
[img]https://i.imgur.com/ly60EsT.jpg[/img]","Friedrich Nietzsche&#39;s Death day",0,0,0,0,*,0,1,1444380959,1444380959,3,"2015-08-25 00:00:00","2015-08-25 00:00:00",friedrich-nietzsches-death-day,0,0,0,0,11208b2d30d44e8d3788eeb5f91761d5,0,1
71,1,1,"[url=""https://en.wikipedia.org/wiki/Friedrich_Nietzsche""]Friedrich Nietzsche[/url]'s Birthday<br />
<br />
[img]https://i.imgur.com/ly60EsT.jpg[/img]","Friedrich Nietzsche&#39;s Birthday",0,0,0,0,*,0,1,1444380996,1444380996,3,"2015-10-15 00:00:00","2015-10-15 00:00:00",friedrich-nietzsches-birthday,0,0,0,0,e79f2466a01d28cd3703a7e5fce8d5fc,0,1
72,1,1,"[url=""https://en.wikipedia.org/wiki/Eoin_O%27Duffy""]Eoin O'Duffy[/url]'s Birthday<br />
<br />
[img]https://i.imgur.com/ZuenFX9.png[/img]","Eoin O&#39;Duffy&#39;s Birthday",0,0,0,0,*,0,1,1444381241,1444381241,3,"2015-10-20 00:00:00","2015-10-20 00:00:00",eoin-oduffys-birthday,0,0,0,0,33c1e1c72a45bf19242fa4749a6a8f48,0,1
73,1,1,"[url=""https://en.wikipedia.org/wiki/Charles_Coughlin""]Father Charles Coughlin[/url]'s Birthday<br />
<br />
[img]https://i.imgur.com/g5n1Dn5.jpg[/img]","Father Charles Coughlin&#39;s Birthday",0,0,0,0,*,0,1,1444381400,1444381400,1,"2015-10-25 00:00:00","2015-10-25 00:00:00",father-charles-coughlins-birthday,0,0,0,0,5d72a5877e4a086da1049ac3339f13a6,0,1
74,1,1,"[url=""https://en.wikipedia.org/wiki/Charles_Coughlin""]Father Charles Coughlin[/url][font=tahoma][size=3]'s Death day[/size][/font]<br />
<br />
[font=tahoma][size=3][img]https://i.imgur.com/g5n1Dn5.jpg[/img][/size][/font]","Father Charles Coughlin&#39;s Death day",0,0,0,0,*,0,1,1444381437,1444381437,3,"2015-10-27 00:00:00","2015-10-27 00:00:00",father-charles-coughlins-death-day,0,0,0,0,67315c0e6aa696999fec9fe228da8f1b,0,1
75,1,1,"[url=""https://en.wikipedia.org/wiki/Joseph_Goebbels""]Joseph Goebbels[/url][font=tahoma][size=3]' Birthday[/size][/font]<br />
<br />
[font=tahoma][size=3][img]https://i.imgur.com/n9Zu4sT.jpg[/img][/size][/font]","Joseph Goebbels&#39; Birthday",0,0,0,0,*,0,1,1444381487,1444381487,3,"2015-10-29 00:00:00","2015-10-29 00:00:00",joseph-goebbels-birthday,0,0,0,0,b6feb55673e6e3d213e6a0ded7edc3ac,0,1
76,1,1,"[url=""https://en.wikipedia.org/wiki/March_on_Rome""]March on Rome[/url]<br />
<br />
[img]https://i.imgur.com/VEujNqK.jpg[/img]<br />
<br />
[img]https://i.imgur.com/yzfPz3s.png[/img]","March on Rome",0,0,0,0,*,0,1,1444381641,1444381641,3,"2015-10-29 00:00:00","2015-10-29 00:00:00",march-on-rome,0,0,0,0,b79d3ac51fbdaa2c7819aed1fbc8e4d1,0,1
77,1,1,"[url=""https://en.wikipedia.org/wiki/Ezra_Pound""]Ezra Pound[/url]'s Birthday<br />
<br />
[img]https://i.imgur.com/y2XxLnG.jpg[/img]","Ezra Pound&#39;s Birthday",0,0,0,0,*,0,1,1444381900,1444381900,3,"2015-10-30 00:00:00","2015-10-30 00:00:00",ezra-pounds-birthday,0,0,0,0,f9521aa2ff3972ab7b437869038d4ea7,0,1
78,1,1,"[url=""https://en.wikipedia.org/wiki/Ezra_Pound""]Ezra Pound[/url][font=tahoma][size=3]'s Death day[/size][/font]<br />
<br />
[font=tahoma][size=3][img]https://i.imgur.com/y2XxLnG.jpg[/img][/size][/font]","Ezra Pound&#39;s Death day",0,0,0,0,*,0,1,1444382003,1444382003,3,"2015-11-01 00:00:00","2015-11-01 00:00:00",ezra-pounds-death-day,0,0,0,0,aef4cfc3164e1313431cc560536e97cc,0,1
79,1,1,"Formation of the [url=""https://en.wikipedia.org/wiki/Russian_Empire""]Russian Empire[/url]<br />
<br />
[img]https://i.imgur.com/lJeZzPR.jpg[/img]","Formation of the Russian Empire",0,0,0,0,*,0,1,1444382300,1444382300,3,"2015-11-02 00:00:00","2015-11-02 00:00:00",formation-of-the-russian-empire,1,1,1,0,87d4a9ba98c37ae0833074c573772e72,0,1
80,1,1,"[url=""https://en.wikipedia.org/wiki/Oswald_Mosley""]Sir Oswald Mosley[/url]'s Birthday<br />
<br />
[img]https://i.imgur.com/FMeQlpV.jpg[/img]","Sir Oswald Mosley&#39;s Birthday",0,0,0,0,*,0,1,1444382484,1444382484,3,"2015-11-16 00:00:00","2015-11-16 00:00:00",sir-oswald-mosleys-birthday,5,1,5,0,e0e229aea14e925824fca3ed2ceebce4,0,1
81,1,1,"[url=""https://en.wikipedia.org/wiki/Jos%C3%A9_Antonio_Primo_de_Rivera""]JosÃ© Antonio Primo de Rivera[/url]'s Death day<br />
<br />
[img]https://i.imgur.com/AV92BdN.jpg[/img]","JosÃ© Antonio Primo de Rivera&#39;s Death day",0,0,0,0,*,0,1,1444382652,1444382652,3,"2015-11-20 00:00:00","2015-11-20 00:00:00",jos%c3%a9-antonio-primo-de-riveras-death-day,0,0,0,0,8a19859ae5ab3f855b0a1f3cacece261,0,1
82,1,1,"[url=""https://en.wikipedia.org/wiki/Nikolay_Vasilyevich_Ustryalov""]Nikolay Vasilyevich Ustryalov[/url][font=tahoma][size=3]'s Birthday[/size][/font]<br />
<br />
[font=tahoma][size=3][img]https://i.imgur.com/s4xB7x6.png[/img][/size][/font]","Nikolay Vasilyevich Ustryalov&#39;s Birthday",0,0,0,0,*,0,1,1444383252,1444383252,3,"2015-11-25 00:00:00","2015-11-25 00:00:00",nikolay-vasilyevich-ustryalovs-birthday,1,1,1,0,72c76a8214931f7d608f551a81bb8528,0,1
83,1,1,"[url=""https://en.wikipedia.org/wiki/Corneliu_Zelea_Codreanu""]Corneliu Zelea Codreanu[/url][font=tahoma][size=3]'s Death day[/size][/font]<br />
<br />
[font=tahoma][size=3][img]https://i.imgur.com/uP7ay1N.jpg[/img][/size][/font]","Corneliu Zelea Codreanu&#39;s Death day",0,0,0,0,*,0,1,1444383315,1444383315,3,"2015-11-30 00:00:00","2015-11-30 00:00:00",corneliu-zelea-codreanus-death-day,0,0,0,0,066e45cb55fd3d2a39910c197d7a9096,0,1
84,1,1,"[url=""https://en.wikipedia.org/wiki/Eoin_O%27Duffy""]Eoin O'Duffy[/url][font=tahoma][size=3]'s Death day[/size][/font]<br />
<br />
[font=tahoma][size=3][img]https://i.imgur.com/ZuenFX9.png[/img][/size][/font]","Eoin O&#39;Duffy&#39;s Death day",0,0,0,0,*,0,1,1444383357,1444383357,3,"2015-11-30 00:00:00","2015-11-30 00:00:00",eoin-oduffys-death-day,0,0,0,0,626798e2530ac76634c83f247cac3a2f,0,1
85,1,1,"[url=""https://en.wikipedia.org/wiki/Gregorij_Ro%C5%BEman""]Gregorij RoÅ¾man[/url]'s Death Day<br />
<br />
[img]https://i.imgur.com/tTYj7Fm.jpg[/img]","Gregorij RoÅ¾man&#39;s Death Day",0,0,0,0,*,0,1,1449218034,1449218034,3,"2015-11-16 00:00:00","2015-11-16 00:00:00",gregorij-ro%c5%bemans-death-day,0,0,0,0,3bd4dc5e62b874ef90eb524aabb83fba,0,1
86,1,1,"Murder of Giorgos Fountoulis and Manos Kapelonis<br />
<br />
[img]https://i.imgur.com/6WqPNNH.jpg[/img]","Murder of Giorgos Fountoulis and Manos Kapelonis",0,0,0,0,*,0,1,1449218224,1449218224,3,"2015-11-01 00:00:00","2015-11-01 00:00:00",murder-of-giorgos-fountoulis-and-manos-kapelonis,0,0,0,0,623bdbf3b0122f849beb4631d3b72fac,0,1
87,1,1,"[url=""https://en.wikipedia.org/wiki/Beer_Hall_Putsch""][font=tahoma][size=3]Beer Hall Putsch[/size][/font][/url]<br />
<br />
[font=tahoma][size=3][img]https://i.imgur.com/plK6j9i.jpg[/img][/size][/font]","Beer Hall Putsch",0,0,0,0,*,0,1,1449218353,1449218353,3,"2015-11-08 00:00:00","2015-11-08 00:00:00",beer-hall-putsch,0,0,0,0,567c2a9e837e8ae39aaa8932b3f313da,0,1
88,1,1,"[url=""https://en.wikipedia.org/wiki/Rhodesia%27s_Unilateral_Declaration_of_Independence""]Rhodesian Independence Day[/url]<br />
<br />
[img]https://i.imgur.com/glLfYUG.jpg[/img]","Rhodesian Independence Day",0,0,0,0,*,0,1,1449218688,1449218688,3,"2015-11-11 00:00:00","2015-11-11 00:00:00",rhodesian-independence-day,0,0,0,0,915e7cb25e5b6f993a68ecf1e998ac98,0,1
89,1,1,"[url=""https://en.wikipedia.org/wiki/Bulgarian_National_Revival""]Bulgarian National Revival[/url] Day<br />
<br />
[img]https://i.imgur.com/tAAl9pq.jpg[/img]","Bulgarian National Revival Day",0,0,0,0,*,0,1,1449219078,1449219078,1,"2015-11-01 00:00:00","2015-11-01 00:00:00",bulgarian-national-revival-day,0,0,0,0,2c2b3e08f68fe11e4fb4ade92dfca86b,0,1
90,1,1,"[url=""https://en.wikipedia.org/wiki/Time_of_Troubles#Struggle_for_independence""]Civil Uprising of Minin and Pozharsky[/url]<br />
<br />
[img]https://i.imgur.com/70muFZ4.jpg[/img]","Civil Uprising of Minin and Pozharsky",0,0,0,0,*,0,1,1449219482,1449219482,3,"2015-11-04 00:00:00","2015-11-04 00:00:00",civil-uprising-of-minin-and-pozharsky,0,0,0,0,d64eaf3f05263c868302f83918279e1a,0,1
91,1,1,"[url=""https://en.wikipedia.org/wiki/Filippo_Tommaso_Marinetti""]Filippo Tommaso Marinetti[/url]'s Death Day<br />
<br />
[img]https://i.imgur.com/6Vbxo8O.jpg[/img]","Filippo Tommaso Marinetti&#39;s Death Day",0,0,0,0,*,0,1,1449220051,1449220051,3,"2015-12-02 00:00:00","2015-12-02 00:00:00",filippo-tommaso-marinettis-death-day,0,0,0,0,68c6676f8bff03efa2250bf77922c722,0,1
92,1,1,"[url=""https://en.wikipedia.org/wiki/Filippo_Tommaso_Marinetti""]Filippo Tommaso Marinetti[/url]'s Birthday<br />
<br />
[img]https://i.imgur.com/6Vbxo8O.jpg[/img]","Filippo Tommaso Marinetti&#39;s Birthday",0,0,0,0,*,0,1,1449220115,1449220115,3,"2015-12-22 00:00:00","2015-12-22 00:00:00",filippo-tommaso-marinettis-birthday,0,0,0,0,cf07640a4cdc7e495ea7c4b06d48da9f,0,1
93,1,1,"[url=""https://en.wikipedia.org/wiki/Oswald_Mosley""]Sir Oswald Mosley[/url][font=tahoma][size=3]'s Death Day[/size][/font]<br />
<br />
[font=tahoma][size=3][img]https://i.imgur.com/FMeQlpV.jpg[/img][/size][/font]","Sir Oswald Mosley&#39;s Death Day",0,0,0,0,*,0,1,1449220189,1449220189,3,"2015-12-03 00:00:00","2015-12-03 00:00:00",sir-oswald-mosleys-death-day,0,0,0,0,9db7c49a8b0df78e4530f2492892a7a4,0,1
94,1,1,"[url=""https://en.wikipedia.org/wiki/Pl%C3%ADnio_Salgado""]PlÃ­nio Salgado[/url]'s Death Day<br />
<br />
[img]https://i.imgur.com/Q0uaY0t.jpg[/img]","PlÃ­nio Salgado&#39;s Death Day",0,0,0,0,*,0,1,1449220370,1449220370,3,"2015-12-08 00:00:00","2015-12-08 00:00:00",pl%c3%adnio-salgados-death-day,0,0,0,0,8a9f85df3aef510c07d552d66f0cf9eb,0,1
95,1,1,"[url=""https://en.wikipedia.org/wiki/French_invasion_of_Russia""]Patriotic War of 1812[/url] Victory<br />
<br />
[img]https://i.imgur.com/aQQcGDV.jpg[/img]","Patriotic War of 1812 Victory",0,0,0,0,*,0,1,1449220633,1449220633,3,"2015-12-14 00:00:00","2015-12-14 00:00:00",patriotic-war-of-1812-victory,0,0,0,0,188dda14f049b5f90fb16f0a97c7ba06,0,1
96,1,1,"[url=""https://en.wikipedia.org/wiki/Ivan_Ilyin""]Ivan Alexandrovich Ilyin[/url]'s Death Day<br />
<br />
[img]https://i.imgur.com/MmzFMwk.jpg[/img]","Ivan Alexandrovich Ilyin&#39;s Death Day",0,0,0,0,*,0,1,1449220947,1449220947,3,"2015-12-21 00:00:00","2015-12-21 00:00:00",ivan-alexandrovich-ilyins-death-day,0,0,0,0,03ef66d0f2183dc3811b0606370b758f,0,1
97,1,1,"Merry Kikemas!<br />
<br />
[img]https://i.imgur.com/wdcgW9R.jpg[/img]","Merry Kikemas&#33;",1,0,0,0,*,0,1,1449221257,1449221257,3,"2015-12-25 00:00:00","2015-12-25 00:00:00",merry-kikemas,0,0,0,0,5ed12b8117bea54fd1f7275c6a71bd1c,0,1
98,1,1,"Race War New Year<br />
<br />
[img]https://i.imgur.com/bAuohfc.png[/img]","Race War New Year",0,0,0,0,*,0,1,1449221514,1449221514,3,"2016-01-01 00:00:00","2016-01-01 00:00:00",race-war-new-year,0,0,0,0,23e223f119239fc3a98de4fbc05ca4e6,0,1
99,1,1,"[url=""https://en.wikipedia.org/wiki/Independence_Day_(Finland)""]Finland Independence Day[/url]<br />
<br />
[img]https://i.imgur.com/67DThKP.jpg[/img]","Finland Independence Day",0,0,0,0,*,0,1,1450852934,1450852934,3,"2015-12-06 00:00:00","2015-12-06 00:00:00",finland-independence-day,0,0,0,0,1b33f62ca06a255a898978600db888d3,0,1
100,1,1,"[url=""https://en.wikipedia.org/wiki/Alexander_I_of_Yugoslavia""]Alexander I of Yugoslavia's Birthday[/url]<br />
<br />
[img]https://i.imgur.com/pKCvkEU.jpg[/img]","Alexander I of Yugoslavia&#39;s Birthday",1,0,0,0,*,0,1,1450853114,1450853114,3,"2015-12-16 00:00:00","2015-12-16 00:00:00",alexander-i-of-yugoslavias-birthday,0,0,0,0,38481904320a504b58d9bf8648b4fadb,0,1
101,1,1,"[url=""https://en.wikipedia.org/wiki/Vojin_Popovi%C4%87""]Vojin PopoviÄ‡'s Birthday[/url]<br />
<br />
[img]https://i.imgur.com/BhBG25c.jpg[/img]","Vojin PopoviÄ‡&#39;s Birthday",0,0,0,0,*,0,1,1450853247,1450853247,3,"2015-12-09 00:00:00","2015-12-09 00:00:00",vojin-popovi%c4%87s-birthday,0,0,0,0,cc8fa06723556348e8dee2659cce88b8,0,1
102,1,1,"[url=""https://en.wikipedia.org/wiki/Nikola_Pa%C5%A1i%C4%87""]Nikola PaÅ¡iÄ‡'s Death Day[/url]<br />
<br />
[img]https://i.imgur.com/K5wKbtD.jpg[/img]","Nikola PaÅ¡iÄ‡&#39;s Death Day",0,0,0,0,*,0,1,1450853409,1450853409,3,"2015-12-10 00:00:00","2015-12-10 00:00:00",nikola-pa%c5%a1i%c4%87s-death-day,0,0,0,0,500cc690dbe09cd2bcf7a3552a45994b,0,1
103,1,1,"[url=""https://en.wikipedia.org/wiki/Nikola_Pa%C5%A1i%C4%87""]Nikola PaÅ¡iÄ‡'s Birthday[/url]<br />
<br />
[img]https://i.imgur.com/K5wKbtD.jpg[/img]","Nikola PaÅ¡iÄ‡&#39;s Birthday",0,0,0,0,*,0,1,1450853488,1450853488,3,"2015-12-18 00:00:00","2015-12-18 00:00:00",nikola-pa%c5%a1i%c4%87s-birthday,0,0,0,0,abd287e4589e54949f2ffb090ed7e282,0,1
104,1,1,"[url=""https://en.wikipedia.org/wiki/Matija_Nenadovi%C4%87""]Matija NenadoviÄ‡'s Death Day[/url]<br />
<br />
[img]https://i.imgur.com/pLchfcj.jpg[/img]","Matija NenadoviÄ‡&#39;s Death Day",0,0,0,0,*,0,1,1450853640,1450853640,3,"2015-12-11 00:00:00","2015-12-11 00:00:00",matija-nenadovi%c4%87s-death-day,0,0,0,0,e217631a8d16f0b3015727c09d46b410,0,1
105,1,1,"[url=""https://en.wikipedia.org/wiki/Republic_of_Serbian_Krajina""]Republic of Serbian Krajina Formed[/url]<br />
<br />
[img]https://i.imgur.com/PVDkrH0.png[/img]","Republic of Serbian Krajina Formed",0,0,0,0,*,0,1,1450854122,1450854122,3,"2015-12-19 00:00:00","2015-12-19 00:00:00",republic-of-serbian-krajina-formed,0,0,0,0,8b43f68d4a729f143c2d1e007f321c75,0,1
106,1,1,"[url=""https://en.wikipedia.org/wiki/Battle_of_Kolubara""]Victory in the Battle of Kolubara[/url]<br />
<br />
[img]https://i.imgur.com/GUFZhjN.jpg[/img]","Victory in the Battle of Kolubara",0,0,0,0,*,0,1,1450854486,1450854486,3,"2015-12-16 00:00:00","2015-12-16 00:00:00",victory-in-the-battle-of-kolubara,0,0,0,0,fb4f14a1433833938746d7e2ce14c0b5,0,1
107,1,1,"[url=""https://en.wikipedia.org/wiki/Stefan_Du%C5%A1an""]Stefan DuÅ¡an's Death Day[/url]<br />
<br />
[img]https://i.imgur.com/BDH75jp.jpg[/img]","Stefan DuÅ¡an&#39;s Death Day",0,0,0,0,*,0,1,1450854688,1450854688,3,"2015-12-20 00:00:00","2015-12-20 00:00:00",stefan-du%c5%a1ans-death-day,0,0,0,0,70b8cd2f78ad4c4cee247520d90e9371,0,1
108,1,1,"[url=""https://en.wikipedia.org/wiki/Neboj%C5%A1a_M._Krsti%C4%87""]NebojÅ¡a M. KrstiÄ‡'s Death Day[/url]<br />
<br />
[img]https://i.imgur.com/7xUfsyj.jpg[/img]","NebojÅ¡a M. KrstiÄ‡&#39;s Death Day",0,0,0,0,*,0,1,1450854908,1450854908,3,"2015-12-03 00:00:00","2015-12-03 00:00:00",neboj%c5%a1a-m-krsti%c4%87s-death-day,0,0,0,0,a7ef7e1ef4d2b919d4bdb1ac80a128f3,0,1
109,1,1,"[url=""https://en.wikipedia.org/wiki/Robert_Jay_Mathews""]Robert Jay Mathews's Death Day[/url]<br />
<br />
[img]https://i.imgur.com/gsLyfqP.jpg[/img]","Robert Jay Mathews&#39;s Death Day",0,0,0,0,*,0,1,1450855059,1450855094,3,"2015-12-08 00:00:00","2015-12-08 00:00:00",robert-jay-mathewss-death-day,0,0,0,0,9d7e8ce20af9367f5c482949a8444eb3,1,1
110,1,1,"[url=""https://en.wikipedia.org/wiki/Nikolaos_Michaloliakos""]Nikos Michaloliakos's Birthday[/url]<br />
<br />
[img]https://i.imgur.com/NzeHHaa.jpg[/img]","Nikos Michaloliakos&#39;s Birthday",0,0,0,0,*,0,1,1450855313,1450855313,3,"2015-12-16 00:00:00","2015-12-16 00:00:00",nikos-michaloliakoss-birthday,0,0,0,0,36b7144aad71c9a877eae73ce6583dc7,0,1
