hook_id,hook_enabled,hook_name,hook_desc,hook_author,hook_email,hook_website,hook_update_check,hook_requirements,hook_version_human,hook_version_long,hook_installed,hook_updated,hook_position,hook_extra_data,hook_key,hook_global_caches
1,1,"Ad Code Sidebar","Displays ad code on the board index sidebar","Invision Power Services, Inc.","",http://www.invisionpower.com,"","a:4:{s:20:""hook_ipb_version_min"";i:0;s:20:""hook_ipb_version_max"";i:0;s:20:""hook_php_version_min"";s:0:"""";s:20:""hook_php_version_max"";s:0:"""";}",1.0.0,"",1315842553,1414352114,3,"a:2:{s:7:""display"";N;s:8:""database"";a:0:{}}",boardIndexSideBarAdCode,""
2,0,"Status Updates","Displays the last 10 status updates from members","Invision Power Services, Inc","",http://www.invisionpower.com,"","a:3:{s:21:""required_applications"";a:1:{s:7:""members"";a:3:{s:8:""app_name"";s:7:""Members"";s:11:""min_version"";i:0;s:11:""max_version"";i:0;}}s:20:""hook_php_version_min"";s:0:"""";s:20:""hook_php_version_max"";s:0:"""";}",1.0.0,10000,1315842556,1414352120,0,"a:2:{s:7:""display"";a:1:{s:9:""templates"";s:0:"""";}s:8:""database"";a:0:{}}",status_updates,""
3,1,"Recent Topics","Adds a list of recent topics to the board index","Invision Power Services, Inc","",www.invisionpower.com,"","a:4:{s:20:""hook_ipb_version_min"";i:0;s:20:""hook_ipb_version_max"";i:0;s:20:""hook_php_version_min"";s:0:"""";s:20:""hook_php_version_max"";s:0:"""";}",1.0.0,1000,1315842559,1414352117,4,"a:2:{s:7:""display"";N;s:8:""database"";a:0:{}}",recent_topics,""
4,0,"Facebook Activity","Displays the recent activity social plug-in from Facebook","Invision Power Services, Inc.","",http://www.invisionpower.com,"","a:4:{s:20:""hook_ipb_version_min"";i:3;s:20:""hook_ipb_version_max"";i:0;s:20:""hook_php_version_min"";s:0:"""";s:20:""hook_php_version_max"";s:0:"""";}",1.0.0,10000,1315842559,1414352117,0,"a:2:{s:7:""display"";N;s:8:""database"";a:0:{}}",fb_activity,""
5,0,"Tags Sidebar","Adds a list of popular tags in the board index sidebar","Invision Power Services, Inc","","","","a:3:{s:21:""required_applications"";a:0:{}s:20:""hook_php_version_min"";s:0:"""";s:20:""hook_php_version_max"";s:0:"""";}",1.0.0,10000,1315842559,1414352117,0,"a:2:{s:7:""display"";N;s:8:""database"";a:0:{}}",boardIndexTags,""
9,0,Calendar,"Displays the mini calendar for the current month","Invision Power Services, Inc.","",http://www.invisionpower.com,"","a:3:{s:21:""required_applications"";a:1:{s:8:""calendar"";a:3:{s:8:""app_name"";s:8:""Calendar"";s:11:""min_version"";i:0;s:11:""max_version"";i:0;}}s:20:""hook_php_version_min"";s:0:"""";s:20:""hook_php_version_max"";s:0:"""";}",1.0.0,"",1431440502,1431440502,0,"a:1:{s:7:""display"";N;}",calendar,""
10,1,"Upcoming Calendar Events","Shows upcoming calendar events on the board index","Invision Power Services, Inc.",support@invisionpower.com,http://invisionpower.com,"","a:3:{s:21:""required_applications"";a:1:{s:8:""calendar"";a:3:{s:8:""app_name"";s:8:""Calendar"";s:11:""min_version"";i:0;s:11:""max_version"";i:0;}}s:20:""hook_php_version_min"";s:0:"""";s:20:""hook_php_version_max"";s:0:"""";}",1.0,10000,1431440502,1431440502,1,"a:1:{s:7:""display"";N;}",upcomingcalendarevents,""
11,1,"Upcoming Birthdays","Shows upcoming birthdays on the board index","Invision Power Services, Inc.",support@invisionpower.com,http://invisionpower.com,"","a:3:{s:21:""required_applications"";a:1:{s:8:""calendar"";a:3:{s:8:""app_name"";s:8:""Calendar"";s:11:""min_version"";i:0;s:11:""max_version"";i:0;}}s:20:""hook_php_version_min"";s:0:"""";s:20:""hook_php_version_max"";s:0:"""";}",1.0.0,10000,1431440502,1431440502,2,"a:1:{s:7:""display"";N;}",upcomingbirthdays,""
