id,member,date,engine,keywords,url
42351,0,1455818380,Google,file:///porn/288/public/liked.php,showuser=288&tab=reputation&app_tab=forums&type=received&st=585
42352,0,1455823711,Bing,"evola yuga",showuser=7508&tab=reputation&app_tab=forums&type=received&st=15
42353,0,1455823712,Bing,"evola yuga",showuser=7508&tab=reputation&app_tab=forums&type=received&st=15
42354,0,1455826123,Bing,"pros and cons of authorian government",showtopic=2869
42355,0,1455828928,Google,"fascist authors",showtopic=92
42356,0,1455830131,Google,"Light skin vs shitskin",showtopic=5378
42357,0,1455830867,Google,"sigurd legion",showtopic=4447
42358,0,1455841077,Bing,"were there any reported rapes during the holocaust",showtopic=2064
42359,0,1455851149,Google,"kike on a stick",app=core&module=search&do=search&search_tags=muh%2Bkike%2Bon%2Ba%2Bstick&search_app=forums
42360,0,1455863871,Google,"Ironmarch chinese in africa",showtopic=206
42361,0,1455870679,Google,secretspacewar.org,showtopic=3693
42362,0,1455885081,Bing,"pope francis is a shil",page=2&showtopic=5573
42363,0,1455898640,Google,"Nationalism HD wallpaper",showtopic=5522
42364,0,1455899288,Google,"iron front lapua movement",showtopic=3700
42365,0,1455899774,Google,"ss division wallpapers",showtopic=5522
42366,0,1455902566,Bing,"fritz julius kuhn",page=2&showtopic=629
42367,0,1455904962,Google,"aryan satanism",showtopic=670
42368,0,1455905499,Google,"hatsune miku oculus rift nsfw",page=367&showtopic=3751
42369,0,1455916598,Google,sami,showtopic=5699
42370,0,1455918459,Google,"national syndicalist flag",page=54&showtopic=743
42371,0,1455921244,Bing,"iron march",""
42372,0,1455921530,Google,"national syndicalist flag",page=54&showtopic=743
42373,0,1455925117,Google,"ragnarok engine",showtopic=3977
42374,0,1455929048,Google,ironmarch,""
42375,0,1455932393,Google,"third position forum",showtopic=4574
42376,0,1455934819,Google,"""islamic rape of europe"" ""forum""",showtopic=6096
42377,0,1455946914,Google,"why do i like being told what to do",showtopic=2968
42378,0,1455950567,Google,"native reserve",showtopic=3591
42379,0,1455961834,Google,"sdk zbor",showtopic=296
42380,0,1455966273,Bing,"famous fascists",showtopic=142
42381,0,1455966646,Google,"my face when i dont care",page=3&showtopic=5343
42382,0,1455973821,Google,"fascism in japan",showtopic=3828
42383,0,1455974768,Google,"shit berets",page=8&showtopic=1686
42384,0,1455985653,Google,"teen whores pictures",page=128&showtopic=3751
42385,0,1455988288,Google,"ironmarch bear",showuser=7424
42386,0,1455988395,Bing,"fritz julius kuhn",page=2&showtopic=629
42387,0,1455991170,Google,"iron march",""
42388,0,1455994355,Google,content,showtopic=5096
42389,0,1455995438,Bing,"ww1 poetry written by soldiers",showtopic=782
42390,0,1455996949,Google,"fascist song",showtopic=153
42391,0,1456002049,Google,"iron march forum",""
42392,0,1456003153,Google,"anti rascism fascists",showtopic=2455
42393,0,1456012414,Google,http://ironmarch.org/index.php?/topic/5292-heroic-autist-slaughters-innocent-niggers-in-their-church-charleston-shooting/,showtopic=5292
42394,0,1456012426,Google,"""nigger""""incel""",showtopic=5292
42395,0,1456037038,Google,himmler,app=calendar&module=calendar&section=view&do=showevent&event_id=15
42396,0,1456037365,Google,himmler,app=calendar&module=calendar&section=view&do=showevent&event_id=15
42397,0,1456037909,Google,"wolves of vinland racist",showtopic=5214
42398,0,1456046901,Google,"wolves of vinland",showtopic=5214
42399,0,1456049873,Google,Movies33,showtopic=6101
42400,0,1456049982,Google,Movies33,showtopic=6101
42401,0,1456067068,Bing,"why are there jews trying to destroy their own country",showtopic=5186
42402,0,1456069339,Google,"fascist flag map",page=2&showtopic=3212
42403,0,1456071458,Google,"samfundet folkgemenskap gunnar Lindqvist",showuser=8165&tab=reputation&app_tab=forums&type=received&st=60
42404,0,1456073625,Google,"fascist flag map",page=2&showtopic=3212
42405,0,1456075740,Google,"wolfsangel tattoo",showtopic=994
42406,0,1456086688,Bing,"zika virus came from niggers",showtopic=6040
42407,0,1456087070,Google,"iron march",""
42408,0,1456089642,Bing,ironmarch,""
42409,0,1456091622,Bing,"studies in black people and narcissism.",showtopic=4607
42410,0,1456092959,Google,"stanley kubrick right wing",showtopic=5380
42411,0,1456093030,Google,"stanley kubrick right wing",showtopic=5380
42412,0,1456093793,Google,"stug iii finland",page=43&showtopic=743
42413,0,1456093858,Google,"stug iii finland",page=43&showtopic=743
42414,0,1456097462,Google,"A Brief History of the White Nationalist Movement",showtopic=1863
42415,0,1456098246,Google,"iron White genocide",app=core&module=search&do=search&search_tags=White%2BGenocide&search_app=forums
42416,0,1456099604,Bing,"Nazi Rapping Jew Girl",showforum=88
42417,0,1456101804,Bing,"chinese nationalist army general uniform",showtopic=1717
42418,0,1456102921,Google,"iron march forum",""
42419,0,1456104002,Google,"politics forum juche",showtopic=3833
42420,0,1456104153,Google,"ironmArch.org h.p lovecraft",showtopic=5405
42421,0,1456104534,Google,"iron march Muslims",showtopic=2818
42422,0,1456106462,Bing,"michigan active shooter",showtopic=6104
42423,0,1456107407,Google,"natzis rape jews",showtopic=2064
42424,0,1456113838,Google,ironmarch,""
42425,0,1456115676,Google,ironmarch,showforum=36
42426,0,1456115903,Google,ironmarch,showforum=87
42427,0,1456116335,Google,ironmarch,showforum=88
42428,0,1456123300,Google,"sebastian ronin",showtopic=2884
42429,0,1456126210,Google,ironmarch,""
42430,0,1456126812,Google,"vidkun kvisling",page=3&showtopic=142
42431,0,1456142318,Google,"iron goy",showtopic=3288
42432,0,1456148868,Google,"tribe with big butts",page=250&showtopic=3751
42433,0,1456153979,Google,"Will willia stormfront",showtopic=5200
42434,0,1456155538,Google,"iron march strasserism",showtopic=638
42435,0,1456155541,Google,"iron march strasserism",showtopic=638
42436,0,1456158904,Google,"Percie on gotoquiz user's posts on 15 Janurary 2016",page=4&showtopic=216
42437,0,1456161857,Bing,"did the getmand rape the jees before killing in contaststion camps",showtopic=2064
42438,164,1456163020,Google,ironmarch,""
42439,0,1456168541,Bing,"active shooter MI",showtopic=6104
42440,0,1456179870,Bing,"disintegration of Russia",showtopic=3249
42441,0,1456187481,Google,ironmarch,""
42442,0,1456188229,Google,ironmarch,showuser=2082&tab=reputation&app_tab=forums&type=received&st=45
42443,0,1456188239,Google,ironmarch,""
42444,0,1456188270,Google,ironmarch,""
42445,0,1456188275,Google,ironmarch,""
42446,0,1456194163,Google,"racist jew memes",page=26&showtopic=416
42447,0,1456196224,Google,"fascist music",showtopic=846
42448,0,1456198406,Google,"ben one man holocaust garrison",showtopic=2060
42449,0,1456218205,Google,ironmarch,""
42450,0,1456221491,Google,"if hitler was alive today",showtopic=4690
42451,0,1456225121,Google,"degeneration of jaffery dahmer",page=184&showtopic=3751
42452,0,1456232699,Bing,"planned economic system of south africa",showtopic=1299
42453,0,1456232725,Bing,"planned economic system of south africa",showtopic=1299
42454,0,1456235889,Google,"siamese army uniforms",showuser=1772&tab=reputation&app_tab=forums&type=received&st=30
42455,0,1456239266,Google,"hitler give car to sultan johor",showtopic=1666
42456,0,1456239332,Google,"stormfag or sjw",showtopic=5090
42457,0,1456245998,Google,"ironmarch new content",""
42458,0,1456246030,Google,"ironmarch new content",""
42459,0,1456252694,Bing,"the iron guard&#92;",showtopic=1040
42460,0,1456253174,Google,"Fucking kike",page=21&showtopic=1447
42461,0,1456256903,Bing,"marcus garveys personality trait",showtopic=3223
42462,0,1456259910,Bing,"soldiers of odin norway",showtopic=6093
42463,0,1456261097,Bing,"swedish woman raped by 8 men",showtopic=359
42464,0,1456261159,Bing,"marcus garvey personality trait",showtopic=3223
42465,0,1456263199,Google,"Brief History of the White Nationalist Movement",showtopic=1863
42466,0,1456276846,Google,"marcus garvey personality traits",showtopic=3223
42467,0,1456282515,Bing,"authoritarian 2 pros and 2 cons",page=2&showtopic=2869
42468,0,1456282518,Bing,"authoritarian 2 pros and 2 cons",page=2&showtopic=2869
42469,0,1456282611,Bing,"2 pros and 2 cons of an Authoritarian coach",page=2&showtopic=2869
42470,164,1456285888,Google,ironmarch,""
42471,0,1456287572,Google,"my honor was my loyalty full movie",showtopic=5669
42472,0,1456295466,Google,"diy fleshlight",showtopic=5341
42473,0,1456301835,Bing,"iron march",""
42474,0,1456320995,Bing,"real reason for ww2",showtopic=3671
42475,0,1456321472,Bing,"BENGARRISONCARTOON ABOUT SCALIA'S DEATH",page=2&showtopic=2060
42476,0,1456328046,Google,"blonde huge boobs",page=2&showtopic=604
42477,0,1456329303,Bing,"a poem writin by a ww1 soldier",showtopic=782
42478,0,1456330819,Bing,"anarchy totalitarism",showtopic=4774
42479,0,1456335352,Google,"modern skinheads american",page=3&showtopic=4392
42480,164,1456338728,Google,ironmarch,""
42481,0,1456341277,Google,"corporatism socialism",showtopic=1285
42482,0,1456348022,Bing,"Asstr Daddy's Girl",page=2&showtopic=2734
42483,0,1456349447,Google,http://ironmarch.org/index.php?/topic/4365-nordic-resistance-movement/,showtopic=4365
42484,0,1456350101,Google,http://ironmarch.org/index.php?/topic/4365-nordic-resistance-movement/,showtopic=4365
42485,0,1456350974,Bing,"australian view of nationalism",showtopic=2951
42486,0,1456353202,Bing,"iron march forum",""
42487,0,1456354360,Google,http://ironmarch.org/index.php?/topic/1288-is-there-evidence-to-support-superior-and-inferior-races/,showtopic=1288
42488,0,1456357993,Google,"iron march forum",showforum=38
42489,0,1456358949,Google,"ultranationalist atheist",showtopic=628
42490,0,1456363354,Bing,"Loyalty Movies TV",showtopic=5669
42491,0,1456372775,Google,"mein kampf mp3",showtopic=2883
42492,0,1456377941,Bing,"buy shirt identitarian generation identity",showtopic=1586
42493,9626,1456386817,Google,"iron march",""
42494,0,1456391327,Google,"wehrmacht meme",page=11&showtopic=416
42495,0,1456395580,Google,"renegade broadcasting forum",showtopic=2483
42496,0,1456400556,Google,"somebody carry a rope want to hung him self",showtopic=5099
42497,0,1456407077,Bing,"camp ss rape vid",showtopic=2064
42498,0,1456407302,Bing,"london demonstration 27 february 2016",showtopic=6099
42499,0,1456415615,Google,"iron march",""
42500,0,1456418134,Google,"maintain ethnic european blood",showtopic=5195
42501,0,1456419689,Bing,"planned economic system of south africa",showtopic=1299
42502,0,1456421083,Google,"Black nazi",showtopic=5997
42503,0,1456421339,Bing,"ideal theory for democracy",showtopic=4586
42504,0,1456421881,Bing,"trump harem",page=15&showtopic=5652
42505,0,1456422088,Google,ironmarch,""
42506,0,1456422185,Google,ironmarch,""
42507,0,1456431733,Bing,"iron March",""
42508,0,1456434694,Google,"odin ideology",showtopic=3759
42509,0,1456440767,Google,"efukt naive",showtopic=4000
42510,0,1456441763,Google,"ÑˆÑ‚Ñ€Ð°ÑÑÐµÑ€Ð¸Ð·Ð¼",showtopic=867
42511,0,1456442408,Google,"ben garrison cartoons",showtopic=2060
42512,0,1456450739,Google,http://ironmarch.org/index.php?/topic/2033-hard-bass/,showtopic=2033
42513,0,1456450742,Google,"dj tally hard bass song",showtopic=2033
42514,0,1456451641,Google,"Po Programme Dedushki Moroza",page=2&showtopic=4217
42515,0,1456460312,Google,"hitler irredentism",showtopic=1026
42516,0,1456490962,Bing,"secret history of the white nationalist movement",showtopic=1863
42517,0,1456510941,Google,ironmarch,""
42518,0,1456511476,Google,ironmarch,""
42519,0,1456535657,Bing,"weapons of the china warlords",showtopic=1717
42520,0,1456555354,Google,"""dakota escritt"" jock",showtopic=4590
42521,0,1456565162,Google,"adolf smiley whatsapp",showtopic=3909
42522,0,1456576551,Bing,"soldiers of odin england",showtopic=6102
42523,0,1456579444,Google,"rosa neinau",page=3&showtopic=1062
42524,0,1456582401,Google,"beiyang army dynasty qin",showtopic=1717
42525,0,1456583019,Google,"talmud quotes",showtopic=5049
42526,0,1456583475,Google,ironmarch,""
42527,0,1456583745,Google,"Taisei Yokusankai",showtopic=1703
42528,0,1456583811,Google,"war lord beiyang army",showuser=1772&tab=reputation&app_tab=forums&type=received&st=45
42529,0,1456583850,Google,"war lord beiyang army",showuser=1772&tab=reputation&app_tab=forums&type=received&st=45
42530,0,1456595496,Google,"Photo de jesus a malte  sous l'eau ou est elle",page=96&showtopic=743
42531,0,1456598533,Google,"pornstar leading college",showtopic=4000
42532,0,1456604843,Bing,"goole defnece, hrisi. avgi",showtopic=781
42533,0,1456605485,Google,"Racist ben garrison",showtopic=2060
42534,0,1456612654,Bing,"german embassy demonstration NPD",showtopic=6099
42535,164,1456617242,Google,ironmarch,""
42536,0,1456619372,Google,"Jesus vruuuuuuuummm",showuser=7&tab=reputation
42537,0,1456619372,Google,"Jesus vruuuuuuuummm",showuser=7&tab=reputation
42538,0,1456619372,Google,"Jesus vruuuuuuuummm",showuser=7&tab=reputation
42539,0,1456621404,Google,"soldiers of odin uk",showtopic=6102
42540,0,1456627772,Google,"Jesus vruuuuuuuummm",showuser=7&tab=reputation
42541,0,1456627772,Google,"Jesus vruuuuuuuummm",showuser=7&tab=reputation
42542,0,1456627772,Google,"Jesus vruuuuuuuummm",showuser=7&tab=reputation
42543,0,1456630456,Google,"world's fair 1939 german pavilion",showtopic=4311
42544,0,1456641057,Google,ironmarch,""
42545,164,1456643011,Google,ironmarch,""
42546,0,1456643398,Google,"iron march",""
42547,0,1456651097,Google,"hitler's revolution richard tedor",showtopic=5011
42548,0,1456653875,Google,ironmar,""
42549,0,1456657244,Google,"natzi rape",showtopic=2064
42550,0,1456658789,Google,"ben garrison racist cartoons",showtopic=2060
42551,0,1456661450,Google,kalevala,page=5&showtopic=208
42552,0,1456667735,Bing,"disproving everyone from africa",showtopic=5067
42553,0,1456673932,Bing,"Chamberlain's ""The True Conception of Empire""  how does it show imperialistic attitude",showtopic=2769
42554,0,1456679290,Bing,"soldiers of odin norway",showtopic=6093
42555,0,1456684506,Google,ironmarch,""
42556,0,1456687928,Google,"Black nazi",showtopic=5997
42557,0,1456692529,Google,"Satanist luciferian",showtopic=670
42558,0,1456697406,Google,"fascist social credot",showtopic=327
42559,0,1456700351,Google,"foto storiche di rapallo",showtopic=4868
42560,0,1456700958,Google,"ben garrison jews",showtopic=2060
42561,0,1456701038,Google,"ben garrison jews",showtopic=2060
42562,0,1456712725,Google,"neo feminist definition",showtopic=1238
42563,0,1456713787,Google,"North korean people liberation front women",showtopic=1730
42564,0,1456714311,Google,"North korean people liberation front women",showtopic=1730
42565,0,1456736571,Google,"yezidi religion aryans",showtopic=4215
42566,164,1456740659,Google,ironmarch,""
42567,0,1456744133,Google,"reinhard musstler",showtopic=92
42568,0,1456756155,Google,"haile smoking weed images",showtopic=4300
42569,0,1456757443,Bing,"pros of authoritarian",page=2&showtopic=2869
42570,0,1456762333,Bing,"american phalangist party",showtopic=555
42571,0,1456762756,Google,"iron march",""
42572,0,1456763962,Google,".rid iron",showtopic=4626
42573,0,1456769254,Google,"what does biologically inferior race mean",showtopic=1288
42574,0,1456779137,Bing,"secret camps sigurd legion",showtopic=4447
42575,0,1456779137,Bing,"secret camps sigurd legion",showtopic=4447
42576,0,1456779137,Bing,"secret camps sigurd legion",showtopic=4447
42577,0,1456780879,Google,"did hitler kill dark haired people",showtopic=2543
42578,0,1456782228,Bing,"is internationalism and nationalism the same thing",showtopic=775
42579,0,1456793149,Bing,"muslim beheads todler",showtopic=6137
42580,0,1456794679,Bing,"around blacks never relax",showtopic=5442
42581,0,1456796157,Bing,"Muslims in Norway now demand a separate state",showtopic=3287
42582,0,1456797147,Google,"niggers in harry potter movies jr rowlings a kike",showtopic=5895
42583,0,1456798007,Bing,"aryan race blonde",showtopic=2543
42584,0,1456811696,Google,"anti zionist propaganda",showforum=82
42585,0,1456814416,Google,benis,showtopic=5811
42586,164,1456827773,Google,ironmarhc,""
42587,0,1456828693,Google,"pravda and north west infidels 2016",showuser=7636&tab=reputation
42588,0,1456842311,Bing,"untermensch neo-nazis",page=3&showtopic=4392
42589,164,1456842622,Google,ironmarch,""
42590,0,1456843641,Google,"fascist authors",showtopic=92
42591,0,1456855506,Bing,"WW1 Poems Written by Soldiers",showtopic=782
42592,0,1456857609,Google,ironmarch,""
42593,0,1456858286,Google,"himmler and    polygamy",showtopic=2566
42594,0,1456866009,Google,"iron march",""
42595,0,1456868160,Google,"wolves of vinland",showtopic=5214
42596,0,1456874563,Google,"Hlinkova Garda",showtopic=4994
42597,0,1456878578,Bing,rohmist,showtopic=444
42598,0,1456879963,Google,"nordfront norduppland",showtopic=4365
42599,0,1456880629,Bing,"Chinese Warlord Soldiers",showtopic=1717
42600,0,1456893117,Google,"Vicky valkyrie",showuser=2319
42601,0,1456896894,Bing,"was red scare justified",showtopic=3818
42602,0,1456902528,Google,http://ironmarch.org/index.php?/topic/5563-88-precepts-david-eden-lane/,showtopic=5563
42603,0,1456905573,Google,"zentropa d'annunzio",showtopic=4252
42604,0,1456917580,Google,"attractive and fat",page=166&showtopic=3751
42605,0,1456930312,Google,"xenophobia ww2",page=2&showtopic=4193
42606,0,1456930710,Bing,"iron march",""
42607,0,1456935115,Bing,"proof that blacks are inferior",showtopic=1288
42608,0,1456940855,Google,"hurrebul videos",page=3&showtopic=4659
42609,0,1456942375,Bing,"the maerican black shirt party",showtopic=3801
42610,0,1456945256,Google,"strasserism romania",showtopic=3700
42611,0,1456945774,Bing,"what is Rafael Trujilos personality",showtopic=1994
42612,0,1456948573,Google,"Nazi rape Porn fiction stories",showtopic=2064
42613,0,1456950624,Google,"omniphi media",showtopic=5765
42614,0,1456952154,Bing,"lithuanian kid stabbed",showtopic=5955
42615,0,1456953236,Google,"cara burke body",showuser=7&tab=reputation&app_tab=forums&type=received&st=585
42616,0,1456953245,Google,"cara burke body",showuser=7&tab=reputation&app_tab=forums&type=received&st=585
42617,0,1456954116,Google,zentropa.info,page=8&showtopic=4353
42618,0,1456960302,Google,"a Wyatt mann niggers",showuser=2082&tab=reputation&app_tab=forums&type=received&st=105
42619,0,1456961457,Bing,"ancient civilizations and a little about them",showtopic=5290
42620,0,1456968846,Bing,"muslim beheads baby",showtopic=6137
42621,0,1456972899,Bing,"""http://www.jewsnews.co.il/2016/03/01/europe-on-the-verge-of-civil-war-due-to-mass-muslim-immigration-swiss-army-chiefs-urgent-warning/",showtopic=5935
42622,0,1456976344,Google,"what is neo feminism",showtopic=1238
42623,0,1456976650,Bing,"aryanism.net homosexuality",showtopic=3841
42624,0,1456982846,Bing,"evil lies about hitler and jesse owens  wtf race movie bullshit",showtopic=5995
42625,0,1456983414,Google,ironmarch,""
42626,0,1456985888,Google,"newspapers uses hackers to expose immigrant posts",showtopic=3394
42627,0,1456986250,Bing,"did germany participate in the 1939 world's fair?",showtopic=4311
42628,0,1456992764,Google,http://ironmarch.org/,""
42629,0,1456994584,Google,ironmarch,""
42630,0,1457006878,Google,"conscience of all people not same",showtopic=5508
42631,164,1457015922,Google,ironmarch,""
42632,0,1457018250,Google,vapsid,showtopic=1579
42633,0,1457024300,Google,"failure of fascism",showtopic=1580
42634,0,1457027380,Bing,"ben garrison cartoons",showtopic=2060
42635,0,1457027425,Google,"paul waggener black metal",showtopic=5214
42636,0,1457027513,Bing,"ben garrison cartoons",showtopic=2060
42637,0,1457028256,Google,"iron march",""
42638,0,1457028876,Google,"download mein kampf audiobook",showtopic=2883
42639,0,1457038290,Google,"World capital germania",showtopic=3988
42640,0,1457041073,Google,"African huge booty",page=250&showtopic=3751
42641,0,1457042187,Bing,"Russian be heads baby",showtopic=6137
42642,0,1457043950,Bing,"Few people in Stalin's time knew much about the disaster in Russia because",showtopic=83
42643,0,1457045985,Bing,"national-anarchism blog",page=2&showtopic=297
42644,0,1457047109,Bing,"zika virus was made on purpose to depopulate the world",showtopic=6040
42645,0,1457048507,Google,"iron march",""
42646,0,1457048730,Google,ironmarch,""
42647,0,1457055374,Google,ironmarch,""
42648,0,1457059269,Bing,"youtube Fasist song",showtopic=153
42649,0,1457064525,Google,"french white flag",showtopic=5050
42650,0,1457064695,Google,"nazi rape camps",showtopic=2064
42651,0,1457066183,Google,"left right left right kill cadence",showtopic=2333
42652,164,1457067240,Google,ironmarch,""
42653,0,1457067524,Bing,"liverpool demonstration 27TH feb 2016",showtopic=6099
42654,0,1457069178,Google,"is renatus a pyramid scheme",page=6&showtopic=3927
42655,0,1457081950,Google,"blackman white prostitutes",showtopic=4468
42656,0,1457083450,Bing,"inferior evidence",showtopic=1288
42657,0,1457087828,Google,"Do you think that there is any superior race to the others?justify",showtopic=1288
42658,0,1457088265,Google,"Do you think that there is any superior race to the others?justify",showtopic=1288
42659,0,1457093527,Bing,"authoritarian government pros",page=2&showtopic=2869
42660,0,1457093617,Google,"fascist german embassy demonstration 27th february 2016",showtopic=6099
42661,164,1457097157,Google,ironmarch,""
42662,0,1457106763,Bing,"Fenek Solere",page=3&showtopic=5439
42663,0,1457110947,Google,"fuck syrian girls",showuser=132&tab=reputation&app_tab=forums&type=received&st=1080
42664,0,1457112129,Google,"telegony forum",showtopic=5584
42665,0,1457115542,Google,ironmarch,""
42666,0,1457117913,Google,mannerheim,showtopic=1872
42667,0,1457118560,Google,"Black brazilian integralist",page=2&showtopic=759
42668,0,1457118879,Google,ironmarch,""
42669,0,1457118880,Google,ironmarch,""
42670,0,1457128572,Google,"latvian waffen-ss march 05.Mar.2016",showuser=132&tab=reputation&app_tab=forums&type=received&st=1920
42671,0,1457130416,Google,"diabolus rex ragnarok engine",showtopic=3977
42672,0,1457132825,Bing,bombacci,showtopic=1979
42673,164,1457133625,Google,ironmarch,""
42674,0,1457136992,Google,"hitler revolution tedor",showtopic=5011
42675,0,1457137752,Google,ironmarch,""
42676,0,1457150342,Google,"how to make a flesh light",showtopic=5341
42677,0,1457150377,Google,"how to make a flesh light",showtopic=5341
42678,0,1457153854,Google,"socialism corporatism",showtopic=1285
42679,0,1457159317,Google,"Goeth ironmarch.org",showuser=9363
42680,0,1457161981,Google,"list of fascist leaders",showtopic=142
42681,0,1457166956,Bing,"louis theroux manager",showtopic=2415
42682,0,1457178677,Google,"shoes of izikhothane",showuser=132&tab=reputation&app_tab=forums&type=received&st=1305
42683,0,1457180132,Google,"german blonde hair blue eyes",showtopic=2543
42684,0,1457180235,Google,"german blonde hair blue eyes",showtopic=2543
42685,0,1457181821,Google,"benis dd",showtopic=5811
42686,0,1457199465,Google,"rudolf hess",showtopic=5873
42687,0,1457199777,Google,"black people with freckles and red hair",showtopic=3381
42688,0,1457209557,Google,"my honor was loyalty torrent",showtopic=5669
42689,0,1457210945,Google,"distributism fascism",showtopic=973
42690,0,1457211395,Google,shitholes,showtopic=3591
42691,0,1457216488,Google,"fascist Rappers",page=2&showtopic=4398
42692,0,1457222587,Google,ironmarch,""
42693,0,1457232711,Google,"iron march",""
42694,0,1457239178,Bing,"kkk attacks",showtopic=6131
42695,0,1457244016,Google,http://ironmarch.org/,""
42696,0,1457247517,Google,ironmarch,""
42697,0,1457255294,Google,"new rhodesia forum",showtopic=1043
42698,0,1457256208,Google,http://ironmarch.org/,""
42699,0,1457257316,Google,"gaston besson",page=2&showtopic=4446
42700,0,1457281563,Google,"nazari naziam nude images",showtopic=4767
42701,0,1457282018,Google,"nazari naziam nude images",showtopic=4767
42702,0,1457282123,Google,ironmarch,""
42703,0,1457283033,Google,ironmarch,""
42704,0,1457284780,Google,ironmarch,""
42705,0,1457286000,Google,ironmarch,""
42706,0,1457286993,Google,ironmarch,""
42707,0,1457293733,Bing,ironmarch.org,""
42708,0,1457295154,Google,"national anarchism pdf",showtopic=297
42709,0,1457295943,Bing,"WW1 Poetry Written by French Soldiers",showtopic=782
42710,0,1457297222,Google,"julius evola metaphysics of war audiobook",page=4&showtopic=1039
42711,0,1457305605,Google,"Milic od Macve",page=139&showtopic=743
42712,0,1457306683,Google,"Restore british empire",showtopic=3933
42713,0,1457313201,Google,"black hebrew israelites make jewish girl cry",showtopic=1462
42714,0,1457321687,Google,ironmarch,""
42715,0,1457327290,Bing,"how to ame a bow",showtopic=6133
42716,0,1457328583,Google,"hanks bully",""
42717,0,1457334102,Google,content,showtopic=4394
42718,0,1457335159,Google,"Alt right forum",showtopic=5899
42719,9626,1457335186,Google,"iron march",""
42720,0,1457359202,Google,"tito, krokodil, 1949",showtopic=1218
42721,9626,1457359783,Google,"iron march forums",""
42722,0,1457363831,Bing,ironmarch,""
42723,0,1457368755,Google,"posts of percie on gotoquiz on 15 January 2016",page=4&showtopic=216
42724,0,1457369125,Google,ironmarch,""
42725,0,1457371635,Google,"rainer friman",showuser=132&tab=reputation&app_tab=forums&type=received&st=1020
42726,164,1457371653,Google,ironmarch,""
42727,0,1457384482,Bing,"New Resistance American Front",showtopic=5445
42728,0,1457384492,Google,"microcephalin in liverpool in 1970s and 80s",showtopic=231
42729,0,1457394667,Bing,"strv 122",showtopic=849
42730,0,1457396287,Google,Ironmarch,""
42731,0,1457396288,Google,Ironmarch,""
42732,0,1457400247,Google,"panzer. 88",page=4&showtopic=3694
42733,0,1457407651,Google,"nazi rape porn stories",showtopic=2064
42734,0,1457410573,Google,"arditi a Fiume",showtopic=4868
42735,0,1457411021,Google,"izikhothane group",showuser=132&tab=reputation&app_tab=forums&type=received&st=1305
42736,0,1457411034,Google,"izikhothane group",showuser=132&tab=reputation&app_tab=forums&type=received&st=1305
42737,0,1457411085,Google,"izikhothane group",showuser=132&tab=reputation&app_tab=forums&type=received&st=1305
42738,0,1457411094,Google,"izikhothane group",showuser=132&tab=reputation&app_tab=forums&type=received&st=1305
42739,0,1457412250,Bing,"riverside motel & st. mary's liquors",showtopic=5170
42740,0,1457415850,Bing,Komerades,showtopic=4394
42741,0,1457417043,Google,"Right to return home boer",showtopic=5213
42742,0,1457422916,Google,"the HOLOCAUST-rape",showtopic=2064
42743,0,1457440219,Google,"stencil cut spongebob metal",showtopic=4325
42744,0,1457444321,Google,"faggot romania",showtopic=3349
42745,0,1457444558,Bing,"nazi rape",showtopic=2064
42746,0,1457449320,Google,"Ú©ÛŒÚ© Ø¹Ø±ÙˆØ³ÛŒ Ù¾Ø³Ø± Ø§ÙˆÙ„ ØµØ¯Ø§Ù…",page=5&showtopic=47
42747,164,1457455142,Google,ironmarch,""
42748,0,1457455354,Google,ironmarch,""
42749,0,1457455663,Google,"Asher Joseph Cherkassky bataillon azow",page=2&showtopic=6002
42750,0,1457457075,Google,"ben zyklon b garrison",page=2&showtopic=2060
42751,0,1457458672,Google,"division wiking half track",showtopic=2972
42752,0,1457458774,Google,"division wiking half track",showtopic=2972
42753,0,1457460653,Google,"george lincoln quote",page=20&showtopic=52
42754,0,1457462229,Bing,"modern forms of hypocrisy",showtopic=22
42755,0,1457462477,Google,"nordic people",showtopic=3644
42756,0,1457462769,Google,"nordic people",showtopic=3644
42757,0,1457467731,Bing,"national revival of poland hoodie",showtopic=895
42758,0,1457469956,Google,ironmarch,""
42759,0,1457470063,Bing,"why don't prostitutes like black men",showtopic=4468
42760,0,1457470481,Bing,"why don't prostitutes like black men",showtopic=4468
42761,0,1457470504,Bing,"ww1 poems written by soldiers",showtopic=782
42762,0,1457470625,Google,"waffen ss memes",app=members&module=reputation&section=most
42763,0,1457473595,Google,ironmarch,""
42764,0,1457474869,Bing,"Leibstandarte Film",showtopic=5669
42765,0,1457477909,Google,content,showtopic=2948
42766,0,1457484703,Bing,"six-day war moshe dayan",showtopic=1395
42767,0,1457486678,Google,"white nationalism",page=2&showtopic=2734
42768,0,1457489295,Google,SWPCourt,app=forums
42769,0,1457489295,Google,SWPCourt,showtopic=1970
42770,0,1457491147,Google,"do jews hate blondes",showtopic=2543
42771,0,1457499671,Bing,"A Squire's Trial",showtopic=5492
42772,0,1457500207,Bing,"IronMarch publications",showtopic=4882
42773,0,1457516412,Google,"Ð½Ð°Ñ†Ð¸Ð¾Ð½Ð°Ð»Ð¸ÑÑ‚Ð¸Ñ‡ÐµÑÐºÐ°Ñ Ð¼ÑƒÐ·Ñ‹ÐºÐ°",showtopic=5675
42774,0,1457517339,Google,"neo nazi",page=3&showtopic=4392
42775,0,1457518589,Google,"strasserism poster",showtopic=5257
42776,0,1457519580,Google,ironmarch.org,showtopic=3805
42777,0,1457519795,Google,"ironmarch logo",showtopic=5620
42778,0,1457519946,Google,"ironmarch logo",showtopic=3697
42779,0,1457520316,Google,"iron march fascist",showuser=89&tab=topics
42780,0,1457524105,Google,"iron march",""
42781,164,1457542171,Google,ironmarch,""
42782,0,1457543396,Facebook,ironmarch.org/index.php?%2Ftopic%2F5284-the-fascist-core%2F,showtopic=5284
42783,0,1457547414,Google,"Italian Fascism and race",showtopic=4333
42784,0,1457547770,Google,ironmarch,showforum=36
42785,0,1457547815,Google,"Italian Fascism and race",showtopic=4333
42786,0,1457547984,Google,"Italian Fascism and race",showtopic=4333
42787,0,1457548094,Google,ironmarch,showforum=36
42788,0,1457553109,Google,"aryan turkic",showtopic=1366
42789,0,1457555290,Google,ironmarch.otg,""
42790,0,1457555631,Google,ironmarch.otg,""
42791,0,1457557222,Bing,"Nazi Rapping Jew Girl",showtopic=2064
42792,0,1457557248,Bing,"Alfred Czech",showtopic=6180
42793,0,1457557586,Google,"walking dead jewish",showtopic=1576
42794,0,1457567403,Google,666blacksun,showtopic=670
42795,0,1457568461,Google,content,showtopic=4747
42796,0,1457574788,Google,"war power seduction forum",showtopic=5876
42797,0,1457575157,Bing,"fake nigger jew ben garrison pictures",showtopic=2060
42798,0,1457575473,Bing,"pros and cons of non democratic regimes",page=2&showtopic=2869
42799,0,1457575840,Google,"where to buy golden dawn merchandise",showtopic=1518
42800,0,1457575853,Google,"where to buy golden dawn merchandise",showtopic=1518
42801,0,1457576223,Google,"best nationalism wallpaper",showuser=7508&tab=reputation&app_tab=forums&type=received&st=210
42802,0,1457576237,Google,"best nationalism wallpaper",showuser=7508&tab=reputation&app_tab=forums&type=received&st=210
42803,0,1457576241,Google,"best nationalism wallpaper",showuser=7508&tab=reputation&app_tab=forums&type=received&st=210
42804,0,1457582100,Bing,"national socialism vs fascism",showtopic=3828
42805,0,1457607103,Google,content,showtopic=1271
42806,0,1457613241,Google,"ironmarch freetrade",showtopic=3183
42807,0,1457619644,Bing,"ultranationalist satanist",showtopic=670
42808,0,1457620705,Google,"axis sally",showtopic=2703
42809,0,1457620705,Google,"porn shill",showtopic=4908
42810,0,1457621237,Google,"axis sally porn",showtopic=710
42811,0,1457621254,Google,"axis sally porn",showtopic=3809
42812,164,1457622508,Google,ironmarch,""
42813,0,1457623431,Google,sami,showtopic=5699
42814,0,1457633201,Bing,"aryan blonde hair blue eyes",showtopic=2543
42815,0,1457633255,Google,ironmarch,""
42816,0,1457633590,Google,ironmarch,""
42817,0,1457636221,Google,ironmarch,""
42818,0,1457642360,Google,"strasserism pdf",showtopic=638
42819,0,1457646551,Google,"iron march",""
42820,0,1457649541,Google,"""french were never white""",page=2&showtopic=2832
42821,0,1457650397,Bing,"ww2 Chinese Nationalist Army Uniform color",showtopic=1717
42822,0,1457659011,Google,"facist joyofsatan",showtopic=670
42823,0,1457662708,Google,"fascist font",showtopic=5273
42824,0,1457672238,Google,"gabe newell god emperor",page=32&showtopic=310
42825,0,1457696142,Google,"nazi concentration camps shocking sexy stories",showtopic=2064
42826,0,1457697871,Google,"fascist music",showtopic=846
42827,0,1457699857,Google,"asra porn star images",showtopic=4000
42828,0,1457728810,Google,"Ø³ÙƒØ³ Ø§ØºØªØµØ§Ø¨ Ø§Ù„Ù†Ø§Ø²ÙŠØ©",showtopic=2064
42829,0,1457734786,Google,"Turks hate aryans",showtopic=1366
42830,0,1457735194,Google,ironmarch,showforum=36
42831,0,1457735254,Google,ironmarch,""
42832,0,1457736025,Google,ironmarch,""
42833,0,1457739574,Google,ironmarch,""
42834,0,1457740990,Google,"izikhothane money",showuser=132&tab=reputation&app_tab=forums&type=received&st=1305
42835,0,1457751734,Bing,"nazi rape",showtopic=2064
42836,0,1457753507,Google,ironmarch,""
42837,0,1457754816,Bing,"joveneza, fascist song",showtopic=153
42838,0,1457756309,Google,"white trash/aryan merchandise",showtopic=4202
42839,0,1457757317,Google,"iron march",""
42840,0,1457757639,Google,"iron march",""
42841,0,1457758225,Google,"iron marxh trump",showtopic=5652
42842,0,1457758247,Google,"iron marxh trump",page=21&showtopic=5652
42843,0,1457758669,Google,"Penis hiding inside",showtopic=2668
42844,0,1457773721,Google,"Hitler's Revolution pdf",showtopic=5011
42845,0,1457774577,Bing,"hohei no honryo",showuser=72
42846,0,1457774971,Bing,"iron march",""
42847,0,1457775959,Google,"Hitler's Revolution pdf",showtopic=5011
42848,0,1457780486,Google,"mussolini meme",page=31&showtopic=416
42849,0,1457787122,Google,"iron march",""
42850,164,1457787128,Google,ironmarch,""
42851,0,1457792047,Bing,"mexican flags at the trump rally",showtopic=6190
42852,0,1457795180,Google,"chimpout trump rally",showtopic=6190
42853,0,1457795947,Google,"centurion method pdf",showtopic=4439
42854,0,1457797056,Google,"Ð²ÐµÐ»Ð¸ÐºÐ¸Ð¹ ÐºÐ½ÑÐ·ÑŒ Ð°Ð»ÐµÐºÑÐ°Ð½Ð´Ñ€ Ð¼Ð¸Ñ…Ð°Ð¹Ð»Ð¾Ð²Ð¸Ñ‡",showtopic=2047
42855,0,1457798544,Google,"george lincoln rockwell death",page=4&showtopic=576
42856,0,1457807996,Google,"ss action gtoup",showtopic=271
42857,0,1457812620,Google,"izikhothane shoes",page=131&showtopic=3751
42858,0,1457816912,Google,"Albanian people",page=2&showtopic=5657
42859,0,1457817276,Google,"otto von bismarck russia",showtopic=1012
42860,0,1457817317,Bing,"difference between internationalism and cosmopolitanism",showtopic=775
42861,0,1457819279,Google,ironmarch,""
42862,0,1457819309,Google,ironmarch,""
42863,0,1457822527,Bing,"spiritual beliefs impact on political ideologies",showtopic=233
42864,0,1457823303,Bing,"identitarian movement",showtopic=1202
42865,0,1457825922,Google,"north west infidels",showforum=87
42866,0,1457826855,Google,"""reading list"" ""rene guenon""",showtopic=653
42867,0,1457827907,Google,"political quiz communist faggot nazi fascist",page=2&showtopic=216
42868,0,1457827908,Google,"political quiz communist faggot nazi fascist",page=2&showtopic=216
42869,0,1457835314,Google,"nig chimpout",showtopic=3925
42870,0,1457835363,Google,"iron march",""
42871,0,1457835408,Google,"the degenerate face",showtopic=4672
42872,0,1457835623,Google,"iron march",showforum=36
42873,0,1457835961,Google,"iron march",""
42874,0,1457836905,Google,ironmarch,""
42875,0,1457839492,Google,"kikes social engineering",showtopic=3586
42876,0,1457849672,Google,ironmarch,""
42877,0,1457850333,Google,"reinhard heydrich sexuality",showtopic=787
42878,0,1457853019,Bing,"biracial shitskin",page=5&showtopic=5378
42879,0,1457854104,Google,"trump chicago chimpout",showtopic=6190
42880,0,1457857029,Google,"wayne jarvie stormfront",showuser=8018&tab=reputation&app_tab=forums&type=received&st=45
42881,0,1457857691,Google,"nationalist assembly",showtopic=3579
42882,0,1457868216,Google,"churchill quotes russia",showtopic=1012
42883,0,1457870722,Google,"Stepan pavelic",page=2&showtopic=629
42884,0,1457875445,Google,"nsm88 clothing",showtopic=4202
42885,0,1457878880,Google,"europa 1921 map",page=8&showtopic=1026
42886,0,1457880047,Google,ironmarch,""
42887,0,1457885906,Google,"julius evola pdf download",page=4&showtopic=1039
42888,164,1457892873,Google,ironmarch,""
42889,0,1457893137,Google,"Neo nazi",page=3&showtopic=4392
42890,0,1457893167,Google,"viva la razza meme hitler",showtopic=5493
42891,0,1457904592,Google,"Turks hate Aryans",showtopic=1366
42892,0,1457910759,Google,"iron march forum",""
42893,0,1457911755,Bing,"prostitutes dont deal with black men",showtopic=4468
42894,0,1457914698,Google,"Where The White Women At? #4",showtopic=5894
42895,0,1457914802,Google,"Where The White Women At? #4",showtopic=5894
42896,0,1457914932,Google,"blonde Israelis",page=2&showtopic=1149
42897,0,1457915587,Google,ironmarch,""
42898,0,1457915746,Google,ironmarch,""
42899,0,1457919127,Google,ironmarch,""
42900,0,1457924269,Google,"trump chicago rally psyop",showtopic=6190
42901,0,1457928014,Google,"julius evola marijuana",page=2&showtopic=1657
42902,0,1457938170,Google,"mustafa kemal personality",showtopic=2097
42903,0,1457962984,Bing,"iron march",""
42904,0,1457966192,Google,"diabolus rex ragnarok engine",showtopic=3977
42905,0,1457967001,Google,"azad hind fauj flag",showtopic=2426
42906,0,1457968625,Google,www.ironmarch,""
42907,0,1457969310,Google,"Borlap porn full negro",showuser=288&tab=reputation&app_tab=forums&type=received&st=990
42908,0,1457977899,Google,"Brazil huehuehuehue",showtopic=2307
42909,0,1457978484,Google,"don't call protestants christians",showtopic=3739
42910,0,1457981405,Google,"left right kill cadence",showtopic=2333
42911,0,1457985449,Google,"division ss wiking",showtopic=2972
42912,0,1457985699,Google,sami,showtopic=5699
42913,0,1457985856,Google,ironmarch,showforum=11
42914,0,1457986708,Google,ironmarch,showforum=11
42915,0,1457990549,Google,ironmarch,""
42916,0,1457992676,Bing,"did nazis rape jews",showtopic=2064
42917,0,1457996439,Bing,"niggers at trump rally",showtopic=6190
42918,0,1457997175,Bing,"what are the pros and cons for authoritanian",page=2&showtopic=2869
42919,0,1457997849,Bing,"nazbols books",showtopic=1799
42920,0,1458014273,Bing,rentjews.com,showtopic=5328
42921,0,1458014342,Bing,rentjews.com,showtopic=5328
42922,0,1458017084,Google,"qvis contra nos",showuser=2
42923,0,1458026698,Google,"Moshe Dayan.",showtopic=1395
42924,0,1458030709,Google,www.ironmarch.com,""
42925,0,1458031255,Google,www.ironmarch.com,showforum=45
42926,0,1458031434,Bing,ironmarch,""
42927,0,1458038159,Google,"iron march",""
42928,0,1458041808,Google,"anders breivik fan mail",showtopic=1795
42929,0,1458048990,Google,"""9130 BC"" people man men",showuser=142&tab=reputation
42930,0,1458053337,Google,ironmarch,""
42931,0,1458056564,Google,"Winston churchill quote russia land",showtopic=1012
42932,0,1458067157,Google,"east london National socialist",showtopic=5084
42933,0,1458069940,Google,"british movement sunwheel",showtopic=2585
42934,0,1458072798,Google,ironmarch,""
42935,0,1458073133,Google,ironmarch,""
42936,0,1458075006,Google,ironmarch,""
42937,0,1458077252,Google,"ironmarch women",showtopic=408
42938,0,1458077892,Google,"ironmarch women",showtopic=5894
42939,0,1458078351,Google,"ironmarch women",showtopic=2528
42940,0,1458078515,Google,"ironmarch women",showtopic=2528
42941,0,1458079265,Google,"ironmarch women",showtopic=408
42942,0,1458080209,Google,"louis theroux jew bias",showtopic=2415
42943,0,1458084613,Google,"lawyer in the world seselj",showtopic=4444
42944,0,1458085120,Google,http://ironmarch.org/index.php?/topic/4468-white-prostitutes-who-refuse-to-see-black-men/,showtopic=4468
42945,0,1458085122,Google,"why prostitude hate black guy in uk/",showtopic=4468
42946,0,1458090585,Bing,"disadvantages of authoritarian rule in countries",page=2&showtopic=2869
42947,0,1458093850,Google,"non racial fascism",showtopic=2455
42948,0,1458094439,Google,"diabolus rex ragnarok engine",showtopic=3977
42949,0,1458107042,Google,Ironmarch,""
42950,0,1458107100,Google,Ironmarch,""
42951,0,1458109015,Google,"jorge moran",showtopic=5054
42952,0,1458109806,Google,Arminius,showtopic=1761
42953,0,1458118057,Google,indid,showtopic=1637
42954,0,1458121346,Google,"Winston churchill quote russia land",showtopic=1012
42955,0,1458123030,Google,"Winston churchill quote russia land",showtopic=1012
42956,0,1458123747,Bing,"trump is crassus",showtopic=5652
42957,0,1458125040,Google,"russia quotes about fear",showtopic=1012
42958,0,1458139547,Google,"""hicham hamza""",showtopic=6206
42959,0,1458139548,Google,"""hicham hamza""",showtopic=6206
42960,0,1458140813,Google,"europa imperium mra gallaecia",showtopic=3212
42961,0,1458141673,Google,"europa imperium mra gallaecia",showtopic=3212
42962,0,1458149712,Google,"iron march",""
42963,0,1458160842,Google,"iron march",""
42964,0,1458161939,Google,sami,showtopic=5699
42965,0,1458162664,Bing,"iron march forum",showforum=45
42966,0,1458163874,Google,"iron march girls",showtopic=4732
42967,0,1458164082,Google,"iron march female",page=3&showtopic=730
42968,0,1458164127,Google,"lady and slave",showtopic=2506
42969,0,1458164344,Google,"lady and slave",showtopic=2506
42970,0,1458164384,Google,"lady and slave",showtopic=2506
42971,0,1458165013,Google,"ironmarch women",showtopic=408
42972,0,1458170950,Google,ironmarch,""
42973,0,1458171369,Google,"mussolini last interview",showtopic=4666
42974,164,1458171948,Google,ironmarch,""
42975,0,1458175735,Google,ironmarch,""
42976,0,1458175915,Google,"deus vult tinychat",showtopic=3626
42977,0,1458180901,Bing,"anonymous are fags",showtopic=4473
42978,0,1458192375,Google,"iron march forum",""
42979,0,1458199926,Bing,"Zyklon Garrison  wiki",showtopic=2060
42980,0,1458200078,Google,"german rape of jews",showtopic=2064
42981,0,1458230435,Google,"Black man white prostitutes",showtopic=4468
42982,0,1458235668,Google,"Non-rasistic fascists",showtopic=2455
42983,0,1458248426,Google,"individualism that is antithetical",showtopic=2751
42984,0,1458248696,Google,"individualism that is antithetical",showtopic=2751
42985,0,1458249195,Google,"francesco fontana faszysta",page=18&showtopic=4102
42986,0,1458250898,Google,"third positionism",showtopic=778
42987,0,1458251450,Google,"mansa musa vnn",showtopic=5359
42988,0,1458256650,Google,"korean skinheads",showtopic=3732
42989,0,1458258003,Bing,"unnecessary british monarchy",page=2&showtopic=254
42990,0,1458261789,Bing,"famous fascists",showtopic=142
42991,0,1458270143,Google,"iron march forum",""
42992,0,1458275700,Google,"truth about waffen ss warriors",showtopic=840
42993,0,1458280008,Google,"lesbian site:ironmarch.org",page=4&showtopic=5627
42994,0,1458280016,Google,"lesbian site:ironmarch.org",showtopic=5627
42995,0,1458280087,Google,"lesbian site:ironmarch.org",showtopic=3877
42996,0,1458280440,Bing,"ww1 poems written by soldiers",showtopic=782
42997,0,1458281164,Bing,"rhodesia now a wasteland",showtopic=5359
42998,0,1458306481,Google,"u make my dick so hard",showtopic=1958
42999,0,1458306795,Google,"interracial breeding.com",showtopic=5743
43000,0,1458313853,Google,"turkish aryan",showtopic=1366
43001,0,1458319378,Bing,"marcus personan trait",showtopic=3223
43002,0,1458329340,Google,"hitler blue eyes blonde hair",showtopic=2543
43003,0,1458330044,Google,"social justice warriors zoosexual",showtopic=5942
43004,0,1458338289,Google,"oswald mosley meme",page=29&showtopic=416
43005,0,1458346476,Google,"tommasi ns",showuser=7962&tab=reputation&app_tab=forums&type=received&st=135
43006,0,1458351120,Google,"What was marcus garvey personality traits",showtopic=3223
43007,0,1458361423,Google,"iron march forum",""
43008,0,1458364423,Google,"joseph goebbels on communism",showtopic=1120
43009,0,1458380568,Bing,"sjw or stormfag",showtopic=5090
43010,0,1458383821,Google,"joseph goebbels on communism",showtopic=1120
43011,0,1458390260,Google,ironmarch,""
43012,0,1458409917,Google,"2016 latvian waffen-ss",showtopic=6214
43013,0,1458411856,Google,"stormfront.org malay",showtopic=1707
43014,0,1458423733,Google,"waffen ss Latvia pride 2016",showtopic=6214
43015,0,1458426349,Bing,"pornography and prostitution cultural",showtopic=194
43016,0,1458426410,Bing,"pornography and prostitution cultural",page=2&showtopic=194
43017,0,1458428344,Bing,"tom metzger manager",showtopic=2415
43018,0,1458429126,Google,"reinhard heydrich",page=2&showtopic=787
43019,0,1458429993,Google,"is non-racist fascism possible",showtopic=2455
43020,0,1458445426,Bing,"nazi rapists",showtopic=2064
43021,0,1458450014,Google,"urbex people logo",showtopic=4988
43022,0,1458458959,Google,"666 members in ghana",page=3&showtopic=4274
43023,0,1458471391,Google,"ironmarch haywire",showtopic=5579
43024,0,1458471508,Google,"ironmarch haywire",showtopic=5040
43025,0,1458472214,Google,"ironmarch porn",page=4&showtopic=194
43026,0,1458475562,Google,"skydas lithuania",showtopic=6219
43027,0,1458477955,Google,"iron march",""
43028,0,1458479822,Google,"sna ukraine",showtopic=3579
43029,0,1458482474,Google,"Shill hulk",showtopic=6221
43030,0,1458484428,Google,"shekel the goyim",showtopic=3636
43031,0,1458485770,Google,"holocaust rape",showtopic=2064
43032,0,1458487831,Google,"boots skinheads",page=91&showtopic=34
43033,0,1458494961,Bing,"pros and cons of authoritarian government",page=2&showtopic=2869
43034,0,1458495581,Google,"hitler's revolution book",showtopic=5011
43035,0,1458497131,Bing,"neo fascism",page=2&showtopic=4193
43036,0,1458497769,Bing,"neo fascism",page=2&showtopic=4193
43037,0,1458498814,Bing,"are irish the master race",showtopic=5504
43038,0,1458512553,Google,ironmarch,""
43039,0,1458517620,Google,"the iron march",""
43040,0,1458518326,Google,"Ð°Ð»ÐµÐºÑÐ°Ð½Ð´Ñ€ ÑÐ»Ð°Ð²Ñ€Ð¾Ñ",showuser=1
43041,0,1458518345,Google,"Ð°Ð»ÐµÐºÑÐ°Ð½Ð´Ñ€ ÑÐ»Ð°Ð²Ñ€Ð¾Ñ",showuser=1&tab=topics
43042,0,1458518355,Google,"Ð°Ð»ÐµÐºÑÐ°Ð½Ð´Ñ€ ÑÐ»Ð°Ð²Ñ€Ð¾Ñ",showuser=1&tab=posts
43043,0,1458518980,Google,"the orthodox nationalist",showtopic=5536
43044,0,1458520310,Google,"ben zyklon b garrison",showtopic=2060
43045,0,1458527298,Google,"iron march",""
43046,0,1458532548,Google,"somenko gostic",showuser=9288&tab=reputation&app_tab=forums&type=received&st=15
